floor,brand,name,product_code,matched_name,matched_brand,match_status,match_method,match_score,image,url
B1,Montana,Panton Wire Single,P0000BFW,Panton wire single Pine,MONTANA,matched,product_code,1,https://inscale.co.kr/web/product/big/202606/6d295c3a84b3395272cf5d4865be27e6.jpg,https://inscale.co.kr/product/detail.html?product_no=828
B1,Vitra,Uten.Silo I,P0000BED,Uten.Silo Model - I Black,VITRA,matched,product_code,1,https://inscale.co.kr/web/product/big/202606/c294404b65bc5e80b4710c16b0c871fe.jpg,https://inscale.co.kr/product/utensilo-model-i-japanese-red/713/category/84/display/1/
B1,Artek,Side Table 915,P00000GX,SIDE TABLE 915,ARTEK,matched,product_code,1,https://inscale.co.kr/web/product/big/202307/4fd4ed9c8def7c782cde9ff784776e86.jpg,https://inscale.co.kr/product/side-table-915-white-lacquered/179/category/85/display/1/
B1,Artek,Icon A331 Beehive Poster,P0000BEH,Icon A331 Beehive Poster,ARTEK,matched,product_code,1,https://inscale.co.kr/web/product/big/202606/aaa754cf4a07ba95bcf0b318e97cddff.jpg,https://inscale.co.kr/product/detail.html?product_no=787
B1,Artek,Icon Stool 60 Poster,P0000BEI,Icon Stool 60 Poster,ARTEK,matched,product_code,1,https://inscale.co.kr/web/product/big/202606/591215fff8e488a21b0cd5907d0f05f9.jpg,https://inscale.co.kr/product/detail.html?product_no=788
B1,Vitra,Tabouret Metallique - Bleu Marcoule,P00000QG,Tabouret Metallique - Bleu Marcoule,VITRA,matched,product_code,1,https://inscale.co.kr/web/product/big/202311/2013392706d20d7bb6bdac9d24689f48.jpg,https://inscale.co.kr/product/tabouret-metallique-bleu-marcoule/422/category/84/display/1/
B1,Vitra,"100th Anniversary Edition 
Heart Cone Chair",P0000BCE,100th Anniversary Edition Heart Cone Chair,VITRA,matched,product_code,1,https://inscale.co.kr/web/product/big/202602/5b88e83ccd5048459731987740d9c45e.jpg,https://inscale.co.kr/product/100th-anniversary-edition-heart-cone-chair/732/category/84/display/1/
B1,Vitra,SCREEN 100C,P0000BEJ,screen 100C,ARTEK,matched,product_code,1,https://inscale.co.kr/web/product/big/202606/8a21f75aebe262a4fd07d92ab08ccfc7.jpg,https://inscale.co.kr/product/screen-100c/789/category/118/display/1/
B1,Vitra,Cork Family Type C,P0000BCV,Cork Family Type C,VITRA,matched,product_code,1,https://inscale.co.kr/web/product/big/202606/34058f0b2cfd42adc8a383d99d355e3d.jpg,https://inscale.co.kr/product/detail.html?product_no=790
B1,Vitra,"All Plastic Chair 
Brick red",P00000BO,All Plastic Chair Brick red,VITRA,matched,product_code,1,https://inscale.co.kr/web/product/big/202606/c8f3c9984bce4a5b375b76cd0ad39a7c.jpg,https://inscale.co.kr/product/all-plastic-chair-brick-red/40/category/84/display/1/
B1,Vitra,"All Plastic Chair 
Ivy",P00000BM,All Plastic Chair Ivy,VITRA,matched,product_code,1,https://inscale.co.kr/web/product/big/202308/23597ac51a5d362a6aaf7caba06d157b.jpg,https://inscale.co.kr/product/all-plastic-chair-ivy/38/category/84/display/1/
B1,Vitra,"All Plastic Chair 
White",P00000BN,All Plastic Chair - White,VITRA,matched,product_code,1,https://inscale.co.kr/web/product/big/202311/9b28c48fb6657d253a66a5cd26327548.jpg,https://inscale.co.kr/product/all-plastic-chair-white/39/category/84/display/1/
B1,Artemide,Shogun,P0000BEL,Shogun,ARTEMIDE,matched,product_code,1,https://inscale.co.kr/web/product/big/202606/32a72e0c5a86f9429ef061350e757897.jpg,https://inscale.co.kr/product/detail.html?product_no=791
B1,Artek,Atelier Chair Green lacquered,P00000BH,Atelier Chair Green,ARTEK,matched,product_code,1,https://inscale.co.kr/web/product/big/202308/034b5d55329c0e55831906aa6bf16275.jpg,https://inscale.co.kr/product/detail.html?product_no=33
B1,Artek,Atelier Chair Dark red lacquered,P00000BG,Atelier Chair Dark red,ARTEK,matched,product_code,1,https://inscale.co.kr/web/product/big/202308/73456da8fc5e9cbdfb08078f10034f6a.jpg,https://inscale.co.kr/product/detail.html?product_no=32
B1,Artek,Pendant Light JL341 Brass,P0000BAQ,Pendant Light JL341,ARTEK,matched,product_code,1,https://inscale.co.kr/web/product/big/202505/4c7584042865e40ff3d8abbca86f9d4e.jpg,https://inscale.co.kr/product/pendant-light-jl341-brass/692/category/85/display/1/
B1,Vitra,Asterisk Clock,P00000IF,Asterisk Clock,VITRA,matched,product_code,1,https://inscale.co.kr/web/product/big/202308/658b81fc13122424185fc77c1f6901ae.jpg,https://inscale.co.kr/product/asterisk-clock/213/category/118/display/1/
B1,Vitra,Wall Clocks Star,P00000IE,Wall Clocks Star,VITRA,matched,product_code,1,https://inscale.co.kr/web/product/big/202308/afd48c861cb2bfa6dd046ed5529ee83a.jpg,https://inscale.co.kr/product/wall-clocks-star/212/category/118/display/1/
B1,Vitra,Wall Clocks Turbine,P00000ID,Wall Clocks Turbine,VITRA,matched,product_code,1,https://inscale.co.kr/web/product/big/202308/69e0607ce10c7c8485ce034d5925e513.jpg,https://inscale.co.kr/product/wall-clocks-turbine/211/category/84/display/1/
B1,Vitra,Sunburst Clock Black-Brass,P0000BEM,Sunburst Clock Black-Brass,VITRA,matched,product_code,1,https://inscale.co.kr/web/product/big/202606/275c61ff8390947b6f3de45ca4d3edf1.jpg,https://inscale.co.kr/product/detail.html?product_no=792
B1,Vitra,Eye Wall Clock,P0000BEN,Eye Wall Clock,VITRA,matched,product_code,1,https://inscale.co.kr/web/product/big/202606/aacfe150391742ea4cf59f24942bf31b.jpg,https://inscale.co.kr/product/detail.html?product_no=793
B1,Vitra,Ball Clock Black-Brass,P0000BEO,Ball Clock Black-Brass,VITRA,matched,product_code,1,https://inscale.co.kr/web/product/big/202606/4a97d5cc7393c58cc98823273916f164.jpg,https://inscale.co.kr/product/detail.html?product_no=794
B1,Vitra,Tabouret Bois Natural Solid Oak,P0000BEP,Tabouret Bois Natural Solid Oak,VITRA,matched,product_code,1,https://inscale.co.kr/web/product/big/202606/b9d807ce0fac0e8fcac9646781c3d0cf.jpg,https://inscale.co.kr/product/detail.html?product_no=795
B1,Flos,Ceramique Down Rust Red,P0000BEZ,Ceramique Down Rust Red,FLOS,matched,product_code,1,https://inscale.co.kr/web/product/big/202606/e926eba18d632f5ae07c9885705e2505.jpg,https://inscale.co.kr/product/detail.html?product_no=805
B1,Marset,Ginger,P00000ZO,Ginger Portable Oak,CASSINA,matched,product_code,1,https://inscale.co.kr/web/product/big/202410/4aa110c9b270a3599416da0b3eec0e1c.jpg,https://inscale.co.kr/product/ginger-portable-oak/664/category/110/display/1/
B1,Artek,[90 Anniversary Edition] Artek + Marimekko Bench 153B Seireeni,P0000BBK,[90 Anniversary Edition] Artek + Marimekko Bench 153B Seireeni,ARTEK,matched,product_code,1,https://inscale.co.kr/web/product/big/202512/f8da6e0876a1df14d6533a382ee1241b.jpg,https://inscale.co.kr/product/90-anniversary-edition-artek-marimekko-bench-153b-seireeni/712/category/85/display/1/
B1,Artek,Aalto Table Half Round 96 - White HPL,P0000BDR,Aalto Table Half Round 96 - White HPL,ARTEK,matched,product_code,1,https://inscale.co.kr/web/product/big/202606/60503b0bef360d382943b3b2f951de3f.jpg,https://inscale.co.kr/product/aalto-table-half-round-96-white-hpl/771/category/85/display/1/
B1,Vitra,Vitra Wooden Doll No.9 - Super Large,P0000BFB,Vitra Wooden Doll No.9 - Super Large,VITRA,matched,product_code,1,https://inscale.co.kr/web/product/big/202606/a14c50eafd2d70aaad7e19a3b8f44b1d.jpg,https://inscale.co.kr/product/vitra-wooden-doll-no9-super-large/807/category/110/display/1/
B1,Artek,"[90 Anniversary Edition] 
Artek + Marimekko Round Table 90D Seireeni",P0000BBI,[90 Anniversary Edition] Artek + Marimekko Round Table 90D Seireeni,ARTEK,matched,product_code,1,https://inscale.co.kr/web/product/big/202512/e5b1d1535331521dc96fb90faab083a3.jpg,https://inscale.co.kr/product/90-anniversary-edition-artek-marimekko-round-table-90d-seireeni/710/category/85/display/1/
B1,Vitra,"Desk Clocks Night 
Black",P00000IG,Desk Clocks Night Black,VITRA,matched,product_code,1,https://inscale.co.kr/web/product/big/202308/3ddd6be8fb616099a97f5aac8eece75c.jpg,https://inscale.co.kr/product/desk-clocks-night/214/category/84/display/1/
B1,Artek,"E60 Stool 
Birch/White Lacquered",P0000BFC,E60 Stool Birch/White Lacquered,ARTEK,matched,product_code,1,https://inscale.co.kr/web/product/big/202606/9c92c66d98c3d98aaa3f90011043cfed.jpg,https://inscale.co.kr/product/detail.html?product_no=808
B1,Vitra,"Metal Wall Relief 
Magic Snake",P0000BBN,Metal Wall Relief Magic Snake,VITRA,matched,product_code,1,https://inscale.co.kr/web/product/big/202512/9f6d8476a2042fc6f61def8002faeafd.jpg,https://inscale.co.kr/product/metal-wall-relief-magic-snake/715/category/84/display/1/
B1,Vitra,"Metal Wall Relief 
Little Heart Red",P0000BFD,Metal Wall Relief Little Heart Red,VITRA,matched,product_code,1,https://inscale.co.kr/web/product/big/202606/472efac87c8ff12834a877f6dea93daa.jpg,https://inscale.co.kr/product/detail.html?product_no=809
B1,Vitra,"Corniches D-grey 
(S,M,L)",P00000IJ,"Corniches D-grey (S,M,L)",VITRA,matched,product_code,1,https://inscale.co.kr/web/product/big/202606/d25db1c056430281722ddd0a8a8431a1.jpg,https://inscale.co.kr/product/detail.html?product_no=217
B1,Vitra,Vitra Wooden Doll - Little Devil,P00000UI,Vitra Wooden Doll - Little Devil,VITRA,matched,product_code,1,https://inscale.co.kr/web/product/big/202312/23a78a909636f0f70c468dc6cb16443d.jpg,https://inscale.co.kr/product/detail.html?product_no=528
B1,Vitra,Vitra Wooden Doll - NO.9,P00000UF,Vitra Wooden Doll - NO.9,VITRA,matched,product_code,1,https://inscale.co.kr/web/product/big/202312/3f44fd997b538c90034dbe379c766a19.jpg,https://inscale.co.kr/product/detail.html?product_no=525
B1,Vitra,Desk Clocks Night Brass,P0000BFE,Desk Clocks Night Brass,VITRA,matched,product_code,1,https://inscale.co.kr/web/product/big/202606/29a0c0a560ae27b3493160487007f96a.jpg,https://inscale.co.kr/product/detail.html?product_no=810
B1,Artek,[90 Anniversary Edition] Artek + Marimekko Stool 60 Seireeni,P0000BBH,[90 Anniversary Edition] Artek + Marimekko Stool 60 Seireeni,ARTEK,matched,product_code,1,https://inscale.co.kr/web/product/big/202512/26851213170e287e43d0f2e4523ceba5.jpg,https://inscale.co.kr/product/90-anniversary-edition-artek-marimekko-stool-60-seireeni/709/category/85/display/1/
B1,Artek,[90 Anniversary Edition] Artek + Marimekko Stool 60 Kivet,P0000BBG,[90 Anniversary Edition] Artek + Marimekko Stool 60 Kivet,ARTEK,matched,product_code,1,https://inscale.co.kr/web/product/big/202512/f622db6ef6604c041be6173a1d606805.jpg,https://inscale.co.kr/product/90-anniversary-edition-artek-marimekko-stool-60-kivet/708/category/85/display/1/
B1,Artek,[90 Anniversary Edition] Artek + Marimekko Stool 60 Lokki,P0000BBF,[90 Anniversary Edition] Artek + Marimekko Stool 60 Lokki,ARTEK,matched,product_code,1,https://inscale.co.kr/web/product/big/202512/b5b29dd881c7d69b38e6264f4ef7eab4.jpg,https://inscale.co.kr/product/90-anniversary-edition-artek-marimekko-stool-60-lokki/707/category/85/display/1/
B1,Artek,[90 Anniversary Edition] Artek + Marimekko Bench 153B Kivet,P0000BBJ,[90 Anniversary Edition] Artek + Marimekko Bench 153B Kivet,ARTEK,matched,product_code,1,https://inscale.co.kr/web/product/big/202512/9c4ded08fa93f927a4a12d47e79b3f1e.jpg,https://inscale.co.kr/product/90-anniversary-edition-artek-marimekko-bench-153b-kivet/711/category/85/display/1/
B1,Vitra,"Metal Side Table
Large",P00000HQ,Metal Side Table,VITRA,matched,product_code,1,https://inscale.co.kr/web/product/big/202308/682202c42f7c7209fb5d644bbc875b72.jpg,https://inscale.co.kr/product/metal-side-table-l/198/category/84/display/1/
B1,Vitra,Metal Side Table M,P00000HP,Metal Side Table M,VITRA,matched,product_code,1,https://inscale.co.kr/web/product/big/202308/29b42a697586aac29caf6f8a966fc97a.jpg,https://inscale.co.kr/product/metal-side-table-m/197/category/84/display/1/
B1,Vitra,Eames Elephant Large Black,P0000BFF,Eames Elephant Large Black,VITRA,matched,product_code,1,https://inscale.co.kr/web/product/big/202606/6a40cd95a0acbd1b1cc52d4834389076.jpg,https://inscale.co.kr/product/eames-elephant-large-black/811/category/110/display/1/
B1,Vitra,Tabouret Metallique - Blanc Colombe,P00000QH,Tabouret Metallique - Blanc Colombe,VITRA,matched,product_code,1,https://inscale.co.kr/web/product/big/202311/6cf33f9a0700c7fd7821263034df8054.jpg,https://inscale.co.kr/product/tabouret-metallique-blanc-colombe/423/category/84/display/1/
B1,Artek,"Chair 66 
white HPL",P00000ZA,Chair 66,ARTEK,matched,product_code,1,https://inscale.co.kr/web/product/big/202410/e2a723d5232f04b30180f6ed9027b159.jpg,https://inscale.co.kr/product/chair-66-white-hpl/650/category/85/display/1/
B1,Artek,"Chair 66 
Black Lacquerd",P0000BDK,Chair 66,ARTEK,matched,product_code,1,https://inscale.co.kr/web/product/big/202606/8c773879cb63fce90fa2f59b17d1ff32.jpg,https://inscale.co.kr/product/chair-66-black-lacquerd/764/category/85/display/1/
B1,Artek,Chair 66 Birch/Black Linoleum,P0000BDL,Chair 66,ARTEK,matched,product_code,1,https://inscale.co.kr/web/product/big/202606/caeac6e3c80c67c449afc95528d793c9.jpg,https://inscale.co.kr/product/chair-66-birchblack-linoleum/765/category/85/display/1/
B1,Artek,"Chair 66 
Wild Birch",P0000BDM,Chair 66,ARTEK,matched,product_code,1,https://inscale.co.kr/web/product/big/202606/f1816e2c0c32f6096f1efab5c704c808.jpg,https://inscale.co.kr/product/chair-66-wild-birch/766/category/85/display/1/
B1,Artek,"[90 Anniversary Edition] 
Artek + Moomin Stool 60",P0000BAU,[90 Anniversary Edition] Artek + Moomin Stool 60,ARTEK,matched,product_code,1,https://inscale.co.kr/web/product/big/202507/10748615f0d1b32b85791c624d429f5c.jpg,https://inscale.co.kr/product/detail.html?product_no=696
B1,Artek,Cabinet 250,P0000BBB,Cabinet 250,ARTEK,matched,product_code,1,https://inscale.co.kr/web/product/big/202511/ec019de1632d6ba970894b3828cb2c40.jpg,https://inscale.co.kr/product/cabinet-250/703/category/85/display/1/
B1,Artek,Rope Chair Black,P00000BF,Rope Chair Black,ARTEK,matched,product_code,1,https://inscale.co.kr/web/product/big/202308/1fd86730b98cf34305210261af6730b5.jpg,https://inscale.co.kr/product/rope-chair-black-lacquered/31/category/85/display/1/
B1,Artek,"KAARI TABLE ROUND 
Black Linoleum-oak",P0000BFG,KAARI TABLE ROUND,ARTEK,matched,product_code,1,https://inscale.co.kr/web/product/big/202606/c5b2df0172c797558e91ea90f5c54fce.jpg,https://inscale.co.kr/product/detail.html?product_no=812
B1,"Louis
Poulsen",PH 2/1,P00000ON,PH 2/1,자체브랜드,matched,product_code,1,https://inscale.co.kr/web/product/big/202309/ff0b822f203b8636b0e45b348176f023.jpg,https://inscale.co.kr/product/detail.html?product_no=377
B1,Artek,"Artek 90 
Anniversary Poster",P0000BCJ,Artek 90 Anniversary Poster,ARTEK,matched,product_code,1,https://inscale.co.kr/web/product/big/202603/b9ccd41e33a54c217dcfebd377bcc5e1.jpg,https://inscale.co.kr/product/artek-90-anniversary-poster/737/category/118/display/1/
B1,Artek,Wall Shelf 112,P00000QX,Wall Shelf 112,ARTEK,matched,product_code,1,https://inscale.co.kr/web/product/big/202311/3c8c5aaf82d2c3ed7f3c37641398d377.jpg,https://inscale.co.kr/product/wall-shelf-112-natural-lacquered/439/category/85/display/1/
B1,Vitra,"Metal Wall Relief
International Love Heart",P0000BFH,Metal Wall Relief International Love Heart,VITRA,matched,product_code,1,https://inscale.co.kr/web/product/big/202606/48c1e379e4b5344a0d9bca6d98e1b88e.jpg,https://inscale.co.kr/product/detail.html?product_no=813
B1,Vitra,Wiggle Side Chair,P0000BFI,Wiggle Side Chair,VITRA,matched,product_code,1,https://inscale.co.kr/web/product/big/202606/9c1aef5b2da1f7b1e3b29e37cea3495c.jpg,https://inscale.co.kr/product/detail.html?product_no=814
B1,Vitra,Wiggle Stool,P00000DW,Wiggle Stool,VITRA,matched,product_code,1,https://inscale.co.kr/web/product/big/202308/6edf5512d1a19ed9551b4cfae3874e70.jpg,https://inscale.co.kr/product/wiggle-stool/100/category/84/display/1/
B1,Herman miller,Eames Hang-It-All Dark Blue,P00000XH,Eames Hang-It-All (Maple/Dark Blue),HERMAN MILLER,matched,product_code,1,https://inscale.co.kr/web/product/big/202402/101bf4bb64ad9536e0c8e66b3d4fb2cb.jpg,https://inscale.co.kr/product/detail.html?product_no=605
B1,Flos,"Gatto Piccolo
[단종]",P0000BFJ,Gatto Piccolo,FLOS,matched,product_code,1,https://inscale.co.kr/web/product/big/202606/153659533089cda43ac4d1b9d1a8af0d.jpg,https://inscale.co.kr/product/detail.html?product_no=815
B1,Vitra,Nuage - S,P000000Z,Nuage - S,VITRA,matched,product_code,1,https://inscale.co.kr/web/product/big/202308/f445b851ea831175e6735e5c68488f53.jpg,https://inscale.co.kr/product/nuage-s/25/category/84/display/1/
B1,Vitra,Nuage - M,P00000BA,Nuage - M,VITRA,matched,product_code,1,https://inscale.co.kr/web/product/big/202308/24060ffae020b04964a07fee6026d088.jpg,https://inscale.co.kr/product/nuage-m/26/category/84/display/1/
B1,Vitra,Nuage - L,P00000BB,Nuage - L,VITRA,matched,product_code,1,https://inscale.co.kr/web/product/big/202308/ad502756c1a4d0c599dd15144728972d.jpg,https://inscale.co.kr/product/nuage-l/27/category/84/display/1/
B1,Martinelli Luce,Pipistrello Large,P00000NY,Pipistrello Large,Martinelli luce,matched,product_code,1,https://inscale.co.kr/web/product/big/202309/fdc42f950733a82830cd4fe50fc5dd54.jpg,https://inscale.co.kr/product/pipistrello-large/362/category/119/display/1/
B1,Vitra,Colour Frame Mirror - Small,P00000XL,Colour Frame Mirror - Small,VITRA,matched,product_code,1,https://inscale.co.kr/web/product/big/202406/29b2285b41fb582894bdcb15084fdfc4.jpg,https://inscale.co.kr/product/colour-frame-mirror-small/609/category/84/display/1/
B1,Vitra,Colour Frame Mirror - Medium,P00000XO,Colour Frame Mirror - Medium,VITRA,matched,product_code,1,https://inscale.co.kr/web/product/big/202406/a31c56ab82d54ba59474869a29d56613.jpg,https://inscale.co.kr/product/colour-frame-mirror-medium/612/category/84/display/1/
B1,Vitra,Colour Frame Mirror - Large,P00000XQ,Colour Frame Mirror - Large,VITRA,matched,product_code,1,https://inscale.co.kr/web/product/big/202406/45591e14321b8f9b3d2b697ce43c018f.jpg,https://inscale.co.kr/product/colour-frame-mirror-large/614/category/84/display/1/
B1,CASSINA,Riflesso,P00000RT,Riflesso,CASSINA,matched,product_code,1,https://inscale.co.kr/web/product/big/202311/e18263f295037cd205fff0d4965a52f3.jpg,https://inscale.co.kr/product/riflesso/461/category/116/display/1/
B1,Martinelli Luce,Pipistrello Medio,P00000NX,Pipistrello Medio,Martinelli luce,matched,product_code,1,https://inscale.co.kr/web/product/big/202309/5dab652b2168a6ee19f2691e1136241e.jpg,https://inscale.co.kr/product/pipistrello-medio/361/category/119/display/1/
B1,NEMO,LAMPE DE MARSEILLE,P0000BFK,Lampe De Marseille Grey,NEMO,matched,product_code,1,https://inscale.co.kr/web/product/big/202606/8b73e3d87b8515d544c63b513b5216fb.jpg,https://inscale.co.kr/product/lampe-de-marseille-grey/816/category/119/display/1/
B1,CASSINA,526 Nuage,P00000XV,526 Nuage,CASSINA,matched,product_code,1,https://inscale.co.kr/web/product/big/202406/d965c626cf3ff8bfec413103355be866.jpg,https://inscale.co.kr/product/526-nuage/619/category/87/display/1/
B1,Vitra,Anagram Sofa,P0000BFL,Anagram Sofa,VITRA,matched,product_code,1,https://inscale.co.kr/web/product/big/202606/43f647d6ca61e1f578e045009d130494.jpg,https://inscale.co.kr/product/anagram-sofa/817/category/111/display/1/
B1,CASSINA,KANGAROO,P00000OT,KANGAROO Solid teak,CASSINA,matched,product_code,1,https://inscale.co.kr/web/product/big/202309/4a98ab73712cba74dac3cec0b2a16bcf.jpg,https://inscale.co.kr/product/kangaroo/383/category/87/display/1/
B1,VITRA,Isamu Noguchi Coffee Table Limited Oak,P0000BDC,Coffee Table -,VITRA,matched,product_code,1,https://inscale.co.kr/web/product/big/202606/dfc5e2882c7da0c1c865f6b4c864636c.jpg,https://inscale.co.kr/product/%EC%9E%AC%EA%B3%A0%EB%B3%B4%EC%9C%A0-isamu-noguchi-coffee-table-limited-oak/756/category/84/display/1/
B1,Artek,[90 years of Artek] Stool X602 Limited Edition,P0000BFM,E60 Stool Birch/White Lacquered,ARTEK,matched,product_code,1,https://inscale.co.kr/web/product/big/202606/83c0a8d971778965b2b5bf07e4799659.jpg,https://inscale.co.kr/product/detail.html?product_no=818
B1,VITRA,"Asterisk Clock 
Brass",P0000BFN,Asterisk Clock,VITRA,matched,product_code,1,https://inscale.co.kr/web/product/big/202606/71e90ebc68246ac2f4f9d2eb86c55135.jpg,https://inscale.co.kr/product/detail.html?product_no=819
B1,CASSINA,"LC3 ArmChair
Grade-Y Black",P0000BFO,LC3 Arm Chair,CASSINA,matched,product_code,1,https://inscale.co.kr/web/product/big/202606/019927aef795f2935272eb9b66fc5d01.jpg,https://inscale.co.kr/product/detail.html?product_no=820
B1,Vitra,ToolBox,P00000IN,TOOLBOX,VITRA,matched,product_code,1,https://inscale.co.kr/web/product/big/202307/027bbb072ebbef8fe1fe6cba07a25249.jpg,https://inscale.co.kr/product/toolbox/221/category/84/display/1/
B1,Artek,.04 Office Chair Dark Green,P0000BFP,.04 Office Chair Dark Green,VITRA,matched,product_code,1,https://inscale.co.kr/web/product/big/202606/2ff51ee4f1959ea6999561b17631c8cd.jpg,https://inscale.co.kr/product/04-office-chair-dark-green/821/category/113/display/1/
B1,Artek,Tea Trolley 901 white HPL,P00000GV,TEA TROLLEY 901,ARTEK,matched,product_code,1,https://inscale.co.kr/web/product/big/202307/f3b90047c71bc4bcb42e75a2b1bf27c1.jpg,https://inscale.co.kr/product/tea-trolley-901-white-hpl/177/category/85/display/1/
B1,VITRA,Happy Bin L size,P00000IP,Happy Bin - Black,VITRA,matched,product_code,1,https://inscale.co.kr/web/product/big/202308/3e2618d90c547c09abd854ab9ec0c59b.jpg,https://inscale.co.kr/product/detail.html?product_no=223
B1,Artek,"Kaari Wall Console 
Black Linoleum-oak",P0000BFQ,Kaari Wall Console Black Linoleum-oak,ARTEK,matched,product_code,1,https://inscale.co.kr/web/product/big/202606/816f199840d2f2906eadc71fd303fbe5.jpg,https://inscale.co.kr/product/kaari-wall-console-black-linoleum-oak/822/category/114/display/1/
B1,Vitra,Eames House Bird black,P0000BAT,Eames House Bird black,VITRA,matched,product_code,1,https://inscale.co.kr/web/product/big/202507/ee5056b8a944e01c423e6de5e754392b.jpg,https://inscale.co.kr/product/eames-house-bird-black/695/category/84/display/1/
B1,Artek,"Kaari Wall Shelf 
Round Black-Oak",P0000BFR,Kaari Wall Shelf Round Black-Oak,ARTEK,matched,product_code,1,https://inscale.co.kr/web/product/big/202606/25cf0a2504a2def02fb435fbd04a2233.jpg,https://inscale.co.kr/product/detail.html?product_no=823
B1,VITRA,"HIgh Tray 
Dark Brick",P0000BBP,HIgh Tray Dark Brick,VITRA,matched,product_code,1,https://inscale.co.kr/web/product/big/202512/9bd345545ea56aa0f644d5e2f122e88e.jpg,https://inscale.co.kr/product/high-tray-dark-brick/717/category/84/display/1/
B1,ARTEMIDE,Tolomeo Micro Table Glossy white,P00000NL,Tolomeo Micro Table Glossy white,ARTEMIDE,matched,product_code,1,https://inscale.co.kr/web/product/big/202309/a52334ae47cf6528bb47c209fb5badcd.jpg,https://inscale.co.kr/product/order-tolomeo-micro-table-glossy-white/349/category/90/display/1/
B1,VITRA,Chap Stool Deep Black RE,P0000BFS,Chap Stool Deep Black RE,VITRA,matched,product_code,1,https://inscale.co.kr/web/product/big/202606/36d547b33cdc0b10987283efa1fff0f2.jpg,https://inscale.co.kr/product/detail.html?product_no=824
B1,FLOS,"Diabolo Cherry Red
[단종]",P00000MI,,,new_or_unmatched,not_found,,https://inscale.co.kr/web/product/big/202309/2047bf797de5f6db262b3b218bda402c.jpg,https://inscale.co.kr/product/diabolo/320/category/91/display/1/
B1,VITRA,EVO-C Ivory,P00000HI,EVO-C Ivory,VITRA,matched,product_code,1,https://inscale.co.kr/web/product/big/202308/9e398d6e1208b95bfe9722c28ff1e17f.jpg,https://inscale.co.kr/product/evo-c/190/category/84/display/1/
B1,Vitra,Eames Elephant Small,P00000QR,Eames Elephant Small - Pale Rose,VITRA,matched,product_code,1,https://inscale.co.kr/web/product/big/202311/66ba1e38c5d388fd542c4cb300985db1.jpg,https://inscale.co.kr/product/eames-elephant-small/433/category/84/display/1/
B1,Artek,Table 81A,P00000YZ,Table 81A,ARTEK,matched,product_code,1,https://inscale.co.kr/web/product/big/202410/c22fa3bab618c1ddd2315c122e99bf3a.jpg,https://inscale.co.kr/product/table-81a/649/category/114/display/1/
B1,Vitra,EM Table (HPL) 1800,P0000BAY,EM Table (HPL),VITRA,matched,product_code,1,https://inscale.co.kr/web/product/big/202507/586d5bbdc28bfaaa1fb0ea5cbbe017d4.jpg,https://inscale.co.kr/product/em-table-hpl-1800/700/category/84/display/1/
B1,Vitra,Eames House Whale,P0000BAS,Eames House Whale,VITRA,matched,product_code,1,https://inscale.co.kr/web/product/big/202507/d798d7f790f7643e1caf1baf3d02beed.jpg,https://inscale.co.kr/product/eames-house-whale/694/category/84/display/1/
B1,ARTEK,Riihitie Aalto Planter Shape A Light Grey,P0000BFT,Riihitie Aalto Planter Shape A Light Grey,ARTEK,matched,product_code,1,https://inscale.co.kr/web/product/big/202606/e312ccf69f65c6d52df2bdd3dd23e914.jpg,https://inscale.co.kr/product/detail.html?product_no=825
B1,ARTEK,Riihitie Aalto Planter Shape B Light Grey,P0000BFU,Riihitie aalto planter Shape B Light Grey,ARTEK,matched,product_code,1,https://inscale.co.kr/web/product/big/202606/0eaf66546b02a3d5d3b64ccedc541fe6.jpg,https://inscale.co.kr/product/detail.html?product_no=826
B1,Artemide,teti,P00000NU,Teti,ARTEMIDE,matched,product_code,1,https://inscale.co.kr/web/product/big/202309/397e8a25033c7205e843416c5ac51cd7.jpg,https://inscale.co.kr/product/teti/358/category/90/display/1/
B1,Artemide,Eclisse PVD,P00000ND,Eclisse PVD,ARTEMIDE,matched,product_code,1,https://inscale.co.kr/web/product/big/202309/1aad40d6300a205a0e067eda9a70e79a.jpg,https://inscale.co.kr/product/eclisse-pvd/341/category/90/display/1/
B1,Artemide,Eclisse,P00000NF,Eclisse,ARTEMIDE,matched,product_code,1,https://inscale.co.kr/web/product/big/202309/dfc8971ffa10c83e845ccef3bdadaa72.jpg,https://inscale.co.kr/product/eclisse/343/category/90/display/1/
B1,USM,USM Haller 2 angled shelves,P00000UL,,,new_or_unmatched,not_found,,https://inscale.co.kr/web/product/big/202606/5b058e2aa58c1e39858dd08f3b34fc91.jpg,https://inscale.co.kr/product/detail.html?product_no=531
B1,Artek,Stool E60,P00000QY,E60 Stool Yellow,ARTEK,matched,product_code,1,https://inscale.co.kr/web/product/big/202606/aae709ec2bcbcb37eff9f4fcf95105c1.jpg,https://inscale.co.kr/product/e60-stool/440/category/85/display/1/
B1,Artek,"Riihitie
Plant Pot",P0000BFU,Riihitie aalto planter Shape B Light Grey,ARTEK,matched,product_code,1,https://inscale.co.kr/web/product/big/202606/0eaf66546b02a3d5d3b64ccedc541fe6.jpg,https://inscale.co.kr/product/riihitie-aalto-planter-shape-a-light-grey/825/category/110/display/1/
B1,Zanotta,Sella Stool,P00000PZ,Sella,자체브랜드,matched,product_code,1,https://inscale.co.kr/web/product/big/202311/68d239036b02b5e5dbbb753800853b20.jpg,https://inscale.co.kr/product/sella-stool/415/category/113/display/1/
1F,CASSINA,"[60th Limited Edition]
LC-4",P0000BFY,[60th Limited Edition] LC-4,CASSINA,matched,product_code,1,https://inscale.co.kr/web/product/big/202606/e7dfee6972c2d40d9c4b0fbfc09871e7.jpg,https://inscale.co.kr/product/detail.html?product_no=830
1F,CASSINA,"Deadline Mirror -
Reflections about spatialism",P00000UW,Deadline Mirror,CASSINA,matched,product_code,1,https://inscale.co.kr/web/product/big/202312/0660f2d0d22ac8723ec74714af0a5380.jpg,https://inscale.co.kr/product/deadline-mirror/542/category/87/display/1/
1F,CASSINA,Console Doron,P0000BFZ,Console Doron Cream,CASSINA,matched,product_code,1,https://inscale.co.kr/web/product/big/202606/440140f406770c7158f6271ce4f821f0.jpg,https://inscale.co.kr/product/detail.html?product_no=831
1F,CASSINA,Ruuna Pouf Ottomann,P0000BGG,Ruuna Pouf Ottomann,CASSINA,matched,product_code,1,https://inscale.co.kr/web/product/big/202606/1aae600796885555a260d14e0bfd0ac8.jpg,https://inscale.co.kr/product/detail.html?product_no=838
1F,CASSINA,Bowy Low Table,P0000BGF,Bowy Low Table,CASSINA,matched,product_code,1,https://inscale.co.kr/web/product/big/202606/dcc1f3cd52d4b47b6718a48789c6f75f.jpg,https://inscale.co.kr/product/detail.html?product_no=837
1F,CASSINA,"LC2 Armchair - 
Blu notte",P00000VN,LC2 Arm Chair,CASSINA,matched,product_code,1,https://inscale.co.kr/web/product/big/202401/019699bb4bb4c44fc7d9716528214e56.jpg,https://inscale.co.kr/product/lc2-armchair/559/category/87/display/1/
1F,CASSINA x KARAKTER,Triangle stool,P0000BGB,Triangle stool,CASSINA,matched,product_code,1,https://inscale.co.kr/web/product/big/202606/4ccd251c0ed1ba490eeee163daf11c54.jpg,https://inscale.co.kr/product/detail.html?product_no=833
1F,CASSINA,"Ficupala 
Pink glass",P00000SO,Ficupala,CASSINA,matched,product_code,1,https://inscale.co.kr/web/product/big/202311/41d879f37ccc8d03b2e0f11bc206bcd8.jpg,https://inscale.co.kr/product/ficupala/482/category/87/display/1/
1F,CASSINA,9 Side Table Walnut,P00000ZH,9 Side Table Walnut,CASSINA,matched,product_code,1,https://inscale.co.kr/web/product/big/202410/4e0dbd7c476db29adb9b4a64f11f774d.jpg,https://inscale.co.kr/product/detail.html?product_no=657
1F,CASSINA,Fluid joinery Side table (Amber),P0000BDI,Fluid joinery Side table (Amber),CASSINA,matched,product_code,1,https://inscale.co.kr/web/product/big/202606/4cd8bbc83fd85db19e63b6b1eb2a7ad3.jpg,https://inscale.co.kr/product/fluid-joinery-side-table-blue/762/category/87/display/1/
1F,CASSINA,Fluid joinery Side table (Blue),P0000BDH,Fluid joinery Side table (Blue),CASSINA,matched,product_code,1,https://inscale.co.kr/web/product/big/202606/4bc5519105225d5ec768f9c85f4efd17.jpg,https://inscale.co.kr/product/fluid-joinery-side-table-blue/761/category/87/display/1/
1F,FLOS,Bonjour Unplugged,P00000LO,Bonjour Unplugged,FLOS,matched,product_code,1,https://inscale.co.kr/web/product/big/202309/34933400b6d3ea91726daa3ff4ee2817.jpg,https://inscale.co.kr/product/bonjour-unplugged/300/category/91/display/1/
1F,CASSINA,DUDET Bold Sofa,P0000BGC,DUDET Bold Sofa,CASSINA,matched,product_code,1,https://inscale.co.kr/web/product/big/202606/11d18ec4e0b19658143c4c690ec38678.jpg,https://inscale.co.kr/product/detail.html?product_no=834
1F,CASSINA,"En forme libre
Low Table -
Midnight Blue",P0000BGD,En forme libre Low Table Midnight Blue,CASSINA,matched,product_code,1,https://inscale.co.kr/web/product/big/202606/56b9d65c240b4dab1441298ac7d2b73d.jpg,https://inscale.co.kr/product/detail.html?product_no=835
1F,CASSINA,Mokoro,P0000BGE,Mokoro,CASSINA,matched,product_code,1,https://inscale.co.kr/web/product/big/202606/ec94757d256781b30f29b2ab2c0bafff.jpg,https://inscale.co.kr/product/detail.html?product_no=836
1F,CASSINA,Sahara - Midgrid,P00000RJ,Sahara - Midgrid,CASSINA,matched,product_code,1,https://inscale.co.kr/web/product/big/202311/b7c74bd1ce3a617d5e10cec186781b86.jpg,https://inscale.co.kr/product/sahara-midgrid/451/category/87/display/1/
1F,CASSINA x KARAKTER,SCARPA 925 Lounge Chair Naturale,P0000BEX,SCARPA 925,CASSINA,matched,product_code,1,https://inscale.co.kr/web/product/big/202606/e577157ed95b350fdf90df6f9b2f1cf2.jpg,https://inscale.co.kr/product/detail.html?product_no=803
1F,CASSINA x KARAKTER,SCARPA 121 Bordeaux,P0000BAG,SCARPA 121,CASSINA,matched,product_code,1,https://inscale.co.kr/web/product/big/202504/f4be5a04c006ed6f9352ed3430936929.jpg,https://inscale.co.kr/product/scarpa-121/682/category/87/display/1/
1F,CASSINA x KARAKTER,"SCARPA 121 
Blu",P0000BEW,SCARPA 121,CASSINA,matched,product_code,1,https://inscale.co.kr/web/product/big/202606/4d145be26af3ca5b17ccc57144dcd464.jpg,https://inscale.co.kr/product/scarpa-121-blu/802/category/87/display/1/
1F,CASSINA,Starburst,P00000SM,Starburst,CASSINA,matched,product_code,1,https://inscale.co.kr/web/product/big/202311/f0a52cc3ca923b4951b90177e7e12788.jpg,https://inscale.co.kr/product/starburst/480/category/87/display/1/
1F,CASSINA,"Treflo Oval table 
(Comfort)",P0000BDJ,Treflo Oval table (Comfort),CASSINA,matched,product_code,1,https://inscale.co.kr/web/product/big/202606/61e052f1185a6c6b42611571edf885d3.jpg,https://inscale.co.kr/product/treflo-oval-table-comfort/763/category/87/display/1/
1F,CASSINA,Sestiere - Topaz / Periwinkle,P00000ST,Sestiere - Topaz / Periwinkle,CASSINA,matched,product_code,1,https://inscale.co.kr/web/product/big/202312/576aa12ddbe793f8ecb0680fcffab910.jpg,https://inscale.co.kr/product/sestiere/487/category/118/display/1/
1F,CASSINA,"FF.SPINE 
WALL-MOUNTED",P0000BFX,FF.SPINE WALL-MOUNTED,CASSINA,matched,product_code,1,https://inscale.co.kr/web/product/big/202606/b3f73f6a606bdb97aff14ec5b096f9d2.jpg,https://inscale.co.kr/product/detail.html?product_no=829
1F,CASSINA,Petit bureau en forme libre,P00000,Petit bureau en forme libre,CASSINA,matched,strict_name,1.0,https://inscale.co.kr/web/product/big/202311/49805d9b572647d3be92db534c3f05e5.jpg,https://inscale.co.kr/product/petit-bureau-en-forme-libre/479/category/87/display/1/
1F,CASSINA,CAB 412 - Cuoio Sfumato(Hand Shaded),P00000SB,CAB 412 - Cuoio Sfumato,CASSINA,matched,product_code,1,https://inscale.co.kr/web/product/big/202311/0edb847a62cb738652c20fe42b288e34.jpg,https://inscale.co.kr/product/cab-412/469/category/87/display/1/
1F,CASSINA,Capitol Armchair,P00000OV,Capitol Armchair - Ambra,CASSINA,matched,product_code,1,https://inscale.co.kr/web/product/big/202309/48316a12d079685a000c72a20ee8f9ff.jpg,https://inscale.co.kr/product/capitol-armchair/385/category/87/display/1/
1F,CASSINA,9 Side Table Glass/Black Marquina Marble,P0000BGV,,,new_or_unmatched,not_found,,https://inscale.co.kr/web/product/big/202309/6a97d394d55928aac4b70f85bf5ffb0f.jpg,https://inscale.co.kr/product/9-side-table/521/category/115/display/1/
1F,Vibia,"Wireflow Lineal
0325
[단종]",,,,new_or_unmatched,not_found,,https://assets.vibia.com/wireflow_card_us_72da319115.webp,
1F,NEMO,"CLARITAS
[단종]",,,,new_or_unmatched,not_found,,https://www.nemolighting.com/wp-content/uploads/2019/07/cover-121.jpg,
1F,CASSINA,"ZIGZAG
White",P00000SF,ZigZag - Ashwood Stained White,CASSINA,matched,product_code,1,https://inscale.co.kr/web/product/big/202311/169d60a7b770c42dd4ccfb36c7052831.jpg,https://inscale.co.kr/product/zigzag/473/category/87/display/1/
1F,CASSINA,"ZIGZAG
Yellow",P00000SE,ZigZag,CASSINA,matched,product_code,1,https://inscale.co.kr/web/product/big/202311/ca2cda91b7592f12b78c33283d6d96cd.jpg,https://inscale.co.kr/product/zigzag/472/category/87/display/1/
1F,Karakter,Awkward Floor Lamp,P00000YR,Awkward Floor Lamp,CASSINA,matched,product_code,1,https://inscale.co.kr/web/product/big/202409/e7f0a8345835c7d58b534d14950be263.jpg,https://inscale.co.kr/product/awkward-floor-lamp/641/category/110/display/1/
1F,CAPPELLINI,Drop,,,,new_or_unmatched,not_found,,https://www.cappellini.com/content/dam/ld/cappellini/products/d/r/o/drop/01_hero/drop.jpg/jcr:content/renditions/cq5dam.thumbnail.2200.2200.jpg,
1F,CASSINA,Constantin,P00000RS,Constantin,CASSINA,matched,product_code,1,https://inscale.co.kr/web/product/big/202311/94d3daedd8610c788b2f1155cf76fd73.jpg,https://inscale.co.kr/product/constantin/460/category/87/display/1/
1F,CASSINA,HAYAMA,P0000BDV,HAYAMA,CASSINA,matched,product_code,1,https://inscale.co.kr/web/product/big/202606/0ee6e4f6ea84902322d8ebe0e71276a4.jpg,https://inscale.co.kr/product/detail.html?product_no=775
1F,VITRA,Vases Decoupage Barre,P00000IC,Vases Decoupage Barre,VITRA,matched,product_code,1,https://inscale.co.kr/web/product/big/202308/d4a6a070d1993a604025c75ba5b0e505.jpg,https://inscale.co.kr/product/vases-decoupage-barre/210/category/118/display/1/
1F,NEMO,CROWN MINOR 12 WHITE,,,,new_or_unmatched,not_found,,https://www.nemolighting.com/wp-content/uploads/2019/07/crown-minor-white-1280x1280.jpg,
1F,Ritzwell,"JABARA 
Sideboard Oak",P0000BAZ,JABARA,CASSINA,matched,product_code,1,https://inscale.co.kr/web/product/big/202508/c04ca98bc9aab7acd142cd613205e1d5.jpg,https://inscale.co.kr/product/jabara-sideboard-oak/701/category/110/display/1/
1F,ARTEMIDE,ONFALE,P00000NO,Onfale Grande,ARTEMIDE,matched,product_code,1,https://inscale.co.kr/web/product/big/202309/50f5171f626c242cdea0f93d90624034.jpg,https://inscale.co.kr/product/onfale-grande/352/category/90/display/1/
1F,CASSINA,Deadline Mirror - Blue Deadline,P00000UU,Deadline Mirror - Blue Deadline,CASSINA,matched,product_code,1,https://inscale.co.kr/web/product/big/202312/af899e6c93cb7a8f9cb33c8918da985d.jpg,https://inscale.co.kr/product/deadline-mirror/540/category/87/display/1/
2F,CASSINA,ZIGZAG - Blue,,,,new_or_unmatched,not_found,,https://inscale.co.kr/web/product/big/202311/0821110d4a02c5d5fadc0b02e3352fc0.jpg,https://inscale.co.kr/product/zigzag/471/category/87/display/1/
2F,Santa & Cole,C1 WALL rotating LED,,,,new_or_unmatched,not_found,,http://www.spatial-lighting.co.uk/u/shop/SP001739a_lrg.jpg,http://www.spatial-lighting.co.uk/p/blancowhite-c1-wall-rotating
2F,CASSINA,Otero Mirror,,Otero Mirror,CASSINA,matched,strict_name,1.0,https://inscale.co.kr/web/product/big/202311/1fe5585f823464d95f33113612f75db5.jpg,https://inscale.co.kr/product/otero-mirror/486/category/87/display/1/
2F,CASSINA,LC3 3 Seater Sofa Grade-Y TABACCO,,,,new_or_unmatched,not_found,,https://inscale.co.kr/web/product/big/202606/03942bf4b4e6d27c9424ecffd751bb64.jpg,https://inscale.co.kr/product/lc3-sofa/633/category/87/display/1/
2F,CASSINA,LC3 Armchair Grade-Y TABACCO,,,,new_or_unmatched,not_found,,https://inscale.co.kr/web/product/big/202409/006d4dd785a04d40988382b90b7b63ab.jpg,https://inscale.co.kr/product/lc3-armchair/635/category/87/display/1/
2F,CASSINA,Modular Imagination,,Modular Imagination,CASSINA,matched,strict_name,1.0,https://inscale.co.kr/web/product/big/202410/10d6da73ba4f2a23cf0b148f0f238509.jpg,https://inscale.co.kr/product/modular-imagination/658/category/87/display/1/
2F,CASSINA,"Tabouret Meribel - 
American Walnut",,Tabouret Meribel - American Walnut,CASSINA,matched,strict_name,1.0,https://inscale.co.kr/web/product/big/202312/a9f4c96614502a7fe488c57fecbad82f.jpg,https://inscale.co.kr/product/tabouret-meribel/552/category/87/display/1/
2F,CASSINA,Tabouret Meribel - Natural Oak,,Tabouret Meribel - Natural Oak,CASSINA,matched,strict_name,1.0,https://inscale.co.kr/web/product/big/202311/01eca97dacd009020e622a76e0b6c812.jpg,https://inscale.co.kr/product/tabouret-meribel-natural-oak/476/category/87/display/1/
2F,CASSINA,"Tabouret Meribel - 
Oak Stained Black",,Tabouret Meribel - Oak Stained Black,CASSINA,matched,strict_name,1.0,https://inscale.co.kr/web/product/big/202311/7f7b5ae91e417c57dadf758f1ecb48f6.jpg,https://inscale.co.kr/product/tabouret-meribel-oak-stained-black/475/category/87/display/1/
2F,CASSINA,"Tabouret Berger - 
American Walnut",,Tabouret Berger - American Walnut,CASSINA,matched,strict_name,1.0,https://inscale.co.kr/web/product/big/202312/470c438f02e58b06dda565f4fae8fc39.jpg,https://inscale.co.kr/product/tabouret-berger-american-walnut/551/category/87/display/1/
2F,CASSINA,Tabouret Berger - Natural Oak,,Tabouret Berger - Natural Oak,CASSINA,matched,strict_name,1.0,https://inscale.co.kr/web/product/big/202311/5ef1013581716f5b63019d8b2bc1bc03.jpg,https://inscale.co.kr/product/tabouret-berger-natural-oak/478/category/87/display/1/
2F,CASSINA,"Tabouret Berger - 
Oak Stained Black",,Tabouret Berger - Oak Stained Black,CASSINA,matched,strict_name,1.0,https://inscale.co.kr/web/product/big/202311/36d23d8eca25f9cf18335a10c29ea5de.jpg,https://inscale.co.kr/product/tabouret-berger-oak-stained-black/477/category/87/display/1/
2F,CASSINA,Reaction Poetique,,Reaction Poetique,CASSINA,matched,strict_name,1.0,https://inscale.co.kr/web/product/big/202311/04295f3648ccfae88995e81724a2de28.jpg,https://inscale.co.kr/product/reaction-poetique/463/category/87/display/1/
2F,CASSINA,"10 Table en tube basse 
(Grand Modele)",,10 Table en tube basse,CASSINA,matched,strict_name,1.0,https://inscale.co.kr/web/product/big/202312/580f705ad72f4bb2c7f375f71fc9e81b.jpg,https://inscale.co.kr/product/10-table-en-tube-basse/457/category/87/display/1/
2F,CASSINA,Sahara - Grid,,Sahara - Grid,CASSINA,matched,strict_name,1.0,https://inscale.co.kr/web/product/big/202311/2a6908f9ab2376152b7d668d2486128e.jpg,https://inscale.co.kr/product/sahara-grid/452/category/87/display/1/
2F,CASSINA,[60th Limited Edition] LC2 Blu,,,,new_or_unmatched,not_found,,https://inscale.co.kr/web/product/big/202606/b0d9f2d28fc35168af799e438e3122d4.jpg,https://inscale.co.kr/product/detail.html?product_no=855
2F,CASSINA,Sestiere - Sea teal / Carrot,,Sestiere - Sea teal / Carrot,CASSINA,matched,strict_name,1.0,https://inscale.co.kr/web/product/big/202312/63201542e62e430e7456fb0c2fddbe68.jpg,https://inscale.co.kr/product/sestiere/488/category/87/display/1/
2F,CASSINA,Constantin,,Constantin,CASSINA,matched,strict_name,1.0,https://inscale.co.kr/web/product/big/202311/94d3daedd8610c788b2f1155cf76fd73.jpg,https://inscale.co.kr/product/constantin/460/category/87/display/1/
2F,CASSINA,Bramante,,Bramante,CASSINA,matched,strict_name,1.0,https://inscale.co.kr/web/product/big/202311/bfdcd176837677a8c8980ad86e05ed7f.jpg,https://inscale.co.kr/product/bramante/459/category/87/display/1/
2F,CASSINA,"Ficupala Floor Lamp
Taupe grey Glass",,,,new_or_unmatched,not_found,,https://inscale.co.kr/web/product/big/202606/cf611bf1251538db9073cb06dd9c2c17.jpg,https://inscale.co.kr/product/detail.html?product_no=854
2F,CASSINA,Cornaro - 2 seater - Crema,,Cornaro - 2 seater - Crema,CASSINA,matched,strict_name,1.0,https://inscale.co.kr/web/product/big/202510/da104611cd761df21c21dd2cd56120ac.jpg,https://inscale.co.kr/product/cornaro-2-seater/702/category/87/display/1/
2F,CASSINA,"CORNARO ARMCHAIR -
Pinot Noir",,CORNARO ARMCHAIR - Pinot Noir,CASSINA,matched,strict_name,1.0,https://inscale.co.kr/web/product/big/202409/c1caef306f8a2388c6c6eb88170c8811.jpg,https://inscale.co.kr/product/cornaro-armchair/689/category/87/display/1/
2F,CASSINA,Nuvola Rossa,,Nuvola Rossa,CASSINA,matched,strict_name,1.0,https://inscale.co.kr/web/product/big/202311/2156313c9b305870a4fa3ebf914a1028.jpg,https://inscale.co.kr/product/nuvola-rossa/464/category/87/display/1/
2F,CASSINA,LC1,,LC1,CASSINA,matched,strict_name,1.0,https://inscale.co.kr/web/product/big/202309/deff3254f67d99bb80c277829cbf40b5.jpg,https://inscale.co.kr/product/lc1/384/category/87/display/1/
2F,CASSINA,944 Soriana - 3 Seater Sofa(Blu),,944 Soriana - 3 Seater Sofa,CASSINA,matched,strict_name,1.0,https://inscale.co.kr/web/product/big/202606/e61bd0ed5879e7b31a8be05b8f4dcae4.jpg,https://inscale.co.kr/product/detail.html?product_no=772
2F,CASSINA,Bowy Table,,Bowy Table,CASSINA,matched,strict_name,1.0,https://inscale.co.kr/web/product/big/202312/9fe33338abb67caf183468cc9d93481c.jpg,https://inscale.co.kr/product/bowy-table/553/category/87/display/1/
2F,CASSINA,LC14 - Tabourets Cabanon,,LC14 - Tabourets Cabanon,CASSINA,matched,strict_name,1.0,https://inscale.co.kr/web/product/big/202606/a68d80924ce4277f7bba0986bbcb1bc5.jpg,https://inscale.co.kr/product/detail.html?product_no=839
2F,CASSINA,"LC14 - 
Tabourets Maison du Brésil",,LC14 - Tabourets Maison du Brésil,CASSINA,matched,strict_name,1.0,https://inscale.co.kr/web/product/big/202606/71068d9e884684fbcedbc66e5109f12b.jpg,https://inscale.co.kr/product/detail.html?product_no=840
2F,CASSINA,ATACAMA 3,,ATACAMA 3,CASSINA,matched,strict_name,1.0,https://inscale.co.kr/web/product/big/202311/4616d1d07dba2e7187ebafaa7db596f3.jpg,https://inscale.co.kr/product/atacama-3/454/category/87/display/1/
2F,CASSINA,Capitol Complex Table,,Capitol Complex Table,CASSINA,matched,strict_name,1.0,https://inscale.co.kr/web/product/big/202311/0a80d4204c1d272907d5f6f7d19ca803.jpg,https://inscale.co.kr/product/capitol-complex-table/458/category/87/display/1/#none
2F,CASSINA,Bollicosa Small - Shiny rose gold,,,,new_or_unmatched,not_found,,https://inscale.co.kr/web/product/big/202410/f414a7a50d3903c00694a8849b4d0a7d.jpg,https://inscale.co.kr/product/bollicosa-small/660/category/87/display/1/
2F,CASSINA,Capitol Complex Office Chair,,Capitol Complex Office Chair,CASSINA,matched,strict_name,1.0,https://inscale.co.kr/web/product/big/202311/7965073f5591e35a38240606efac0201.jpg,https://inscale.co.kr/product/capitol-complex-office-chair/468/category/87/display/1/
2F,CASSINA,Capitol Complex Chair,,Capitol Complex Chair,CASSINA,matched,strict_name,1.0,https://inscale.co.kr/web/product/big/202311/4875a30f3819732109766cbdeb599fd0.jpg,https://inscale.co.kr/product/capitol-complex-chair/467/category/87/display/1/
2F,CASSINA,Sahara - Drop,,Sahara - Drop,CASSINA,matched,strict_name,1.0,https://inscale.co.kr/web/product/big/202311/7b18cb214d21e92a5cfc74ba6a1b8c22.jpg,https://inscale.co.kr/product/sahara-drop/453/category/87/display/1/
2F,CASSINA,SAHARA - Oval,,Sahara - Oval,CASSINA,matched,strict_name,1.0,https://inscale.co.kr/web/product/big/202606/3be78a38db8054562aba037fa0849870.jpg,https://inscale.co.kr/product/detail.html?product_no=804
2F,CASSINA,LC20 Casier,,LC20 Casier,CASSINA,matched,strict_name,1.0,https://inscale.co.kr/web/product/big/202312/a86d86b076565943e21b74ec494a2865.jpg,https://inscale.co.kr/product/lc20-casier/514/category/116/display/1/
2F,CASSINA x KARAKTER,Lungangolo Bookshelf - Black oiled oak,,,,new_or_unmatched,not_found,,https://inscale.co.kr/web/product/big/202606/8915153dab421b488e8d079063ed4718.jpg,https://inscale.co.kr/product/lungangolo-bookshelf-black-oiled-oak/801/category/110/display/1/
2F,CASSINA,DUDET Bianco,,,,new_or_unmatched,not_found,,https://inscale.co.kr/web/product/big/202504/b5b57ce907be1cb611f7fbfbd32865df.jpg,https://inscale.co.kr/product/dudet/684/category/87/display/1/
2F,CASSINA,"Dudet Arm Chair
VINACCIA MELANGE",,,,new_or_unmatched,not_found,,https://inscale.co.kr/web/product/big/202606/c8b7f30115394c7094658f5d12a1039a.png,https://inscale.co.kr/product/dudet-arm-chair-vinaccia-melange/841/category/113/display/1/
2F,CASSINA,Soft Corners Side Table,,Soft Corners Side Table,CASSINA,matched,strict_name,1.0,https://inscale.co.kr/web/product/big/202606/7e221ccee1ac4d5cd604cb7113dc89e2.jpg,https://inscale.co.kr/product/detail.html?product_no=842
2F,CASSINA,Sestiere - Amethyst / Lemon yellow,,Sestiere - Amethyst / Lemon yellow,CASSINA,matched,strict_name,1.0,https://inscale.co.kr/web/product/big/202312/d47c1f325468a28b6d2d93b686a7597b.jpg,https://inscale.co.kr/product/sestiere-amethyst-lemon-yellow/489/category/87/display/1/
2F,ARTEMIDE,Melampo Night,,Melampo Night Bronze Ecru,ARTEMIDE,matched,strict_name,0.736,https://inscale.co.kr/web/product/big/202606/a283920d8b617ad66f6e132a6a435d54.jpg,https://inscale.co.kr/product/detail.html?product_no=832
2F,CASSINA,Accordo,,Accordo,CASSINA,matched,strict_name,1.0,https://inscale.co.kr/web/product/big/202311/e74228cecc1246d55bc04488ec59d5d6.jpg,https://inscale.co.kr/product/accordo/462/category/87/display/1/
2F,Flos,"Bellhop Floor Brick Red
[단종]",P00000MD,,,new_or_unmatched,not_found,,https://inscale.co.kr/web/product/big/202311/44a85afda529c4d833d8cdb198bb0c37.jpg,https://inscale.co.kr/product/bellhop-floor/315/category/91/display/1/
2F,Cassina,Les Grands Trans-Parents,P0000BCC,Les Grands Trans-Parents Mirror,CASSINA,matched,product_code,1,https://inscale.co.kr/web/product/big/202312/19888d373e958af73e266ace7ce20787.jpg,https://inscale.co.kr/product/les-grands-trans-parents-mirror/730/category/87/display/1/
3F,Flos,"Captain Flint
[단종]",P00000MF,,,new_or_unmatched,not_found,,https://inscale.co.kr/web/product/big/202309/9751bc7b0ca1edb486924bd060625124.jpg,https://inscale.co.kr/product/detail.html?product_no=317
3F,POLTRONA FRAU,Let it Be Sofa 2-seater Sofa,P00000YX,LET IT BE,POLTRONA FRAU,matched,product_code,1,https://inscale.co.kr/web/product/big/202606/8ae5b1011b039349c8c7125d31622b56.jpg,https://inscale.co.kr/product/let-it-be/647/category/110/display/1/
3F,POLTRONA FRAU,Let it Be Sofa,P0000BEU,LET IT BE,POLTRONA FRAU,matched,product_code,1,https://inscale.co.kr/web/product/big/202606/be145ec1bfa000332257418d3d22250e.jpg,https://inscale.co.kr/product/let-it-be-sofa/800/category/110/display/1/
3F,Vibia,"wireflow 0301
[단종]",,,,new_or_unmatched,not_found,,https://assets.vibia.com/Wireflow_Chandelier_Card_2_d030842ab5.webp,
3F,POLTRONA FRAU,DUO BENCH,P00000ZR,DUO BENCH,POLTRONA FRAU,matched,product_code,1,https://inscale.co.kr/web/product/big/202503/9c0e5d9bd893b864a365856a6591f322.jpg,https://inscale.co.kr/product/duo-bench/667/category/110/display/1/
3F,POLTRONA FRAU,DUO LOW TABLE,P00000ZQ,DUO LOW TABLE,POLTRONA FRAU,matched,product_code,1,https://inscale.co.kr/web/product/big/202606/aa344f5ee244b45ab87075fd604a18d5.jpg,https://inscale.co.kr/product/duo-low-table/666/category/110/display/1/
3F,POLTRONA FRAU,DUO LOW COFFEE TABLE,P00000ZP,DUO LOW TABLE,POLTRONA FRAU,matched,product_code,1,https://inscale.co.kr/web/product/big/202503/7fedb200d3fda26405e18bbbbc5d1400.jpg,https://inscale.co.kr/product/duo-low-table/665/category/110/display/1/
3F,POLTRONA FRAU,DUO LOUNGE CHAIR,P00000ZT,DUO LOUNGE CHAIR,POLTRONA FRAU,matched,product_code,1,https://inscale.co.kr/web/product/big/202503/3c0f8184bfa36468aa3ecf3d0468cc6c.jpg,https://inscale.co.kr/product/duo-lounge-chair/669/category/110/display/1/
3F,POLTRONA FRAU,BOB COFFEE TABLE Walnut,P0000BGL,BOB COFFEE TABLE,POLTRONA FRAU,matched,product_code,1,https://inscale.co.kr/web/product/big/202606/2a8e217c208ce0650cf24bd368be7d01.jpg,https://inscale.co.kr/product/detail.html?product_no=843
3F,MARSET,"Ginger 20 M 
Portable Oak",P00000ZO,Ginger Portable Oak,CASSINA,matched,product_code,1,https://inscale.co.kr/web/product/big/202410/4aa110c9b270a3599416da0b3eec0e1c.jpg,https://inscale.co.kr/product/ginger-portable-lamp/664/category/110/display/1/
3F,POLTRONA FRAU,DUO BOOKCASE,P00000ZS,DUO BOOKCASE,POLTRONA FRAU,matched,product_code,1,https://inscale.co.kr/web/product/big/202503/7c411212a1287a6374a4f8c2c09cce88.jpg,https://inscale.co.kr/product/duo-bookcase/668/category/110/display/1/
3F,POLTRONA FRAU,MING’S HEART,P00000ZU,MING’S HEART,POLTRONA FRAU,matched,product_code,1,https://inscale.co.kr/web/product/big/202503/c27cf9fc1a8d9381efdf9a60422668a0.jpg,https://inscale.co.kr/product/detail.html?product_no=670
3F,Flos,"Copycat
[단종]",,,,new_or_unmatched,not_found,,https://flos-assets.imgix.net/family-import/P_Md_E-Copycat-Flos-Decorative-still-life.jpg?fp-x=0.50&fp-y=0.50&w=960&h=646&fm=webp&fit=crop,
3F,ARTEMIDE,"Nessino - 
Orange",P00000NN,Nessino,ARTEMIDE,matched,product_code,1,https://inscale.co.kr/web/product/big/202309/fecd50092047a04d6c386ac1621d9a2c.jpg,https://inscale.co.kr/product/detail.html?product_no=736
3F,ARTEMIDE,"Nessino - 
White",P00000NM,Nessino,ARTEMIDE,matched,product_code,1,https://inscale.co.kr/web/product/big/202309/1dc4ed7884992d207e66ffc4cabf5b50.jpg,https://inscale.co.kr/product/detail.html?product_no=350
3F,POLTRONA FRAU,HOMEY,P00000ZV,HOMEY TABLE,POLTRONA FRAU,matched,product_code,1,https://inscale.co.kr/web/product/big/202503/5479496723e0cc685f265e87cca84b5c.jpg,https://inscale.co.kr/product/homey-table/671/category/110/display/1/
3F,POLTRONA FRAU,ISADORA,P00000ZY,ISADORA,POLTRONA FRAU,matched,product_code,1,https://inscale.co.kr/web/product/big/202503/3dfd662f56c4db6fa164c77e7eb028ca.jpg,https://inscale.co.kr/product/detail.html?product_no=674
3F,POLTRONA FRAU,NICE Small Armchair(Leahter),P00000ZX,NICE,POLTRONA FRAU,matched,product_code,1,https://inscale.co.kr/web/product/big/202503/3c4336b82342c86f4c9daf6625a86945.jpg,https://inscale.co.kr/product/detail.html?product_no=673
3F,POLTRONA FRAU,NICE Small Armchair(Fabric),P00000ZW,NICE,POLTRONA FRAU,matched,product_code,1,https://inscale.co.kr/web/product/big/202606/112f4578f26db0fe011c2386e70f4049.jpg,https://inscale.co.kr/product/detail.html?product_no=672
3F,Santa & Cole,Lamina 165,P0000BDT,[Order] Lamina 165 Pendant,Santa&Cole,matched,product_code,1,https://inscale.co.kr/web/product/big/202606/6b825816c7a96ad0959f651651adf46a.jpg,https://inscale.co.kr/product/lamina-165-pendant/773/category/119/display/1/
3F,Ritzwell,"JABARA 
Sideboard Walnut",P00000YU,JABARA,CASSINA,matched,product_code,1,https://inscale.co.kr/web/product/big/202410/5c08e5d1af541c4f317eb498c02d66e9.jpg,https://inscale.co.kr/product/jabara-sideboard-walnut/644/category/110/display/1/
3F,Vibia,"Flat Floor 5955
[단종]",P00000OI,Flat Floor 5955 Terra Red,VIBIA,matched,product_code,1,https://inscale.co.kr/web/product/big/202309/2069e310b84548b025f684db39c95da5.jpg,https://inscale.co.kr/product/flat-floor-5955/372/category/95/display/1/
3F,Artemide,Alfa,P00000MZ,Alfa,ARTEMIDE,matched,product_code,1,https://inscale.co.kr/web/product/big/202309/2dfdc6ce2716bd801347efa798c9db27.jpg,https://inscale.co.kr/product/alfa/337/category/90/display/1/
3F,Vibia,"Stick
[단종]",,,,new_or_unmatched,not_found,,https://wp.vibiacdn.com/2020/11/vibia-the-edit-the-sticks-collection-boundless-spaces-12-600x900.jpg,
3F,Flos,"Superloon
[단종]",P00000MG,,,new_or_unmatched,not_found,,https://inscale.co.kr/web/product/big/202309/aaae8560ce67d061d1782791420f3dd6.jpg,https://inscale.co.kr/product/superloon/318/category/91/display/1/
3F,ARTEMIDE,Melampo Terra Floor Bronze Ecrù,P00000NS,Melampo Terra Floor Bronze Ecrù,ARTEMIDE,matched,product_code,1,https://inscale.co.kr/web/product/big/202606/5d3048437712c973e8f2fa6fd4ddbbd1.jpg,https://inscale.co.kr/product/%EC%9E%AC%EA%B3%A0%EB%B3%B4%EC%9C%A0-melampo-terra-floor-bronze-ecr%C3%B9/356/category/90/display/1/
3F,Flos,"IC Lights 
Suspension 1 Brass",P0000BGM,IC Lights Suspension 1 Brass,FLOS,matched,product_code,1,https://inscale.co.kr/web/product/big/202606/1e6d6b21febd135932656ca1dda92008.jpg,https://inscale.co.kr/product/detail.html?product_no=844
3F,Flos,"IC Lights 
Suspension 2 Brass",P0000BGN,IC Lights Suspension 2 Brass,FLOS,matched,product_code,1,https://inscale.co.kr/web/product/big/202606/193bb40b7b4d246a1ec053dc94afe387.jpg,https://inscale.co.kr/product/detail.html?product_no=845
3F,Flos,IC Lights Table 2 Brass,P0000BGO,IC Lights Table 2 Brass,FLOS,matched,product_code,1,https://inscale.co.kr/web/product/big/202606/2b59c9a871d9b6d189a64e31a5e0ba98.jpg,https://inscale.co.kr/product/ic-lights-table-2-brass/846/category/119/display/1/
3F,Flos,IC Lights Table T1 High Brass,P0000BGP,IC Lights Table T1 High Brass,FLOS,matched,product_code,1,https://inscale.co.kr/web/product/big/202606/6b2746d7c2916c364383a8e6af497660.jpg,https://inscale.co.kr/product/detail.html?product_no=847
4F,Knoll,Girard Coffee Table,P00000KX,"Girard Table - Walnut veneer, Black Steel",KNOLL,matched,product_code,1,https://inscale.co.kr/web/product/big/202308/61f2de7e2b200b60df5cc2997af1b922.jpg,https://inscale.co.kr/product/girard-table/283/category/86/display/1/
4F,KNOLL,Wassily Chair Black,P00000JL,Wassily Chair Black,KNOLL,matched,product_code,1,https://inscale.co.kr/web/product/big/202308/ae7a261c19fbb96c074ad257fa7ac333.jpg,https://inscale.co.kr/product/wassily-chair/245/category/86/display/1/
4F,KNOLL,Barcelona Chair Venezia Leather Black,P00000JX,Barcelona Chair Venezia Leather BLack,KNOLL,matched,product_code,1,https://inscale.co.kr/web/product/big/202402/13d3ff4bcddb4d29c94643c710dc2570.jpg,https://inscale.co.kr/product/detail.html?product_no=257
4F,KNOLL,Barcelona Stool Black,P00000KA,Barcelona Stool Black,KNOLL,matched,product_code,1,https://inscale.co.kr/web/product/big/202309/2d3c046b8b16ca51d6166987c735389e.jpg,https://inscale.co.kr/product/detail.html?product_no=260
4F,KNOLL,Florence Knoll Low Table,P00000PX,Florence Knoll Low Coffee Table,KNOLL,matched,product_code,1,https://inscale.co.kr/web/product/big/202311/9862853629e558afeef28cfc25353487.jpg,https://inscale.co.kr/product/florence-knoll-low-coffee-table/413/category/86/display/1/
4F,KNOLL,Matic Credenza (on Feet),P00000YW,Matic Credenza(on Feet),KNOLL,matched,product_code,1,https://inscale.co.kr/web/product/big/202410/24cedc22682a0a106204b475a606ddcd.jpg,https://inscale.co.kr/product/matic-credenzaon-feet/646/category/86/display/1/
4F,Artemide,Tolomeo Mega Floor Black,P00000NR,Tolomeo Mega Floor Black,ARTEMIDE,matched,product_code,1,https://inscale.co.kr/web/product/big/202309/2397fdc90441c5375878f013b5fba0be.jpg,https://inscale.co.kr/product/order-tolomeo-mega-floor-black/355/category/90/display/1/
4F,KNOLL,Cesca Chair,P00000WV,Cesca Chair,KNOLL,matched,product_code,1,https://inscale.co.kr/web/product/big/202402/b6e18473876539554cad5a9165af189d.jpg,https://inscale.co.kr/product/cesca-chair/593/category/86/display/1/
4F,KNOLL,Wassily Chair White,P00000JQ,Wassily Chair White,KNOLL,matched,product_code,1,https://inscale.co.kr/web/product/big/202308/aea3416746ec696e45b8f6a75cb36ec4.jpg,https://inscale.co.kr/product/detail.html?product_no=250
4F,KNOLL,Laccio Low Table Marble,P0000BGR,Laccio Side Table Statuarietto,KNOLL,matched,product_code,1,https://inscale.co.kr/web/product/big/202606/ad3674d4ee0d225aa9f770f8bdb372f9.jpg,https://inscale.co.kr/product/detail.html?product_no=849
4F,USM,USM Haller Storage Yellow,P0000BGS,,,new_or_unmatched,not_found,,https://inscale.co.kr/web/product/big/202606/91398c05ea22e9c298e935006315cc4c.jpg,https://inscale.co.kr/product/detail.html?product_no=850
4F,Marset,"Theia
[단종]",,,,new_or_unmatched,not_found,,https://www.marset.com/wp-content/uploads/lamparas/theia/Theia-S-Black-1200x1200.jpg,
4F,KNOLL,Pollock Arm Chair,P00000JH,Pollock Arm Chair Natural,KNOLL,matched,product_code,1,https://inscale.co.kr/web/product/big/202308/daf18654af07c4cc7d7e554f046b1648.jpg,https://inscale.co.kr/product/detail.html?product_no=241
4F,Flos,"Bonjour 
Unplugged",P00000LN,Bonjour Unplugged,FLOS,matched,product_code,1,https://inscale.co.kr/web/product/big/202309/1d281bd4a33e4a1fe5d7d3513fa8b923.jpg,https://inscale.co.kr/product/detail.html?product_no=299
4F,KNOLL,Saarinen Oval Table 1980 - Arabescato,P00000KH,Saarinen Oval Table 1980,KNOLL,matched,product_code,1,https://inscale.co.kr/web/product/big/202308/e6d95876c4b4671dee1947774f14e90d.jpg,https://inscale.co.kr/product/search.html?keyword=saarin
4F,KNOLL,"TULIP 
ARM CHAIR",P00000IW,TULIP Arm Chair White,KNOLL,matched,product_code,1,https://inscale.co.kr/web/product/big/202308/15eebb79d0e685486e1ed3d012fb3759.jpg,https://inscale.co.kr/product/search.html?keyword=tulip
4F,KNOLL,"TULIP 
ARM CHAIR",P00000TI,TULIP Arm Chair Grey,KNOLL,matched,product_code,1,https://inscale.co.kr/web/product/big/202311/07989fd86cfe63a6180f3140fd6c2c14.jpg,https://inscale.co.kr/product/search.html?keyword=tulip
4F,KNOLL,"TULIP
ARMLESS CHAIR",P00000IY,TULIP Armless Chair DK.Blue,KNOLL,matched,product_code,1,https://inscale.co.kr/web/product/big/202308/901dc7f6634883374106c5b091395ba3.jpg,https://inscale.co.kr/product/search.html?keyword=tulip
4F,KNOLL,"TULIP
ARMLESS CHAIR",P00000JB,TULIP Armless Chair Yellow,KNOLL,matched,product_code,1,https://inscale.co.kr/web/product/big/202308/ec289675174f22e89ff98cb503a4f49b.jpg,https://inscale.co.kr/product/search.html?keyword=tulip
4F,VITRA,Panton Chair White,P00000GK,Panton Chair White,VITRA,matched,product_code,1,https://inscale.co.kr/web/product/big/202408/b160555f7a4786149ecd47bf50ffa30d.jpg,https://inscale.co.kr/product/panton-chair/166/category/84/display/1/
4F,KNOLL,Bertoia Chair,P0000BGT,Bertoia Chair,KNOLL,matched,product_code,1,https://inscale.co.kr/web/product/big/202606/1e570aa86503b3fdf07716ce614f61e8.jpg,https://inscale.co.kr/product/detail.html?product_no=851
4F,KNOLL,"Spoleto
[단종]",,,,new_or_unmatched,not_found,,https://images.hermanmiller.group/m/3d2d91542dd9ab97/W-KNO_SPC_13033.png?trim=auto&trim-sd=1&blend-mode=darken&blend=ffffff&bg=ffffff&auto=format&w=1000&q=70&h=1000,
4F,VIBIA,"Mayfair Mini 5495 
Terra Dark",P0000BGQ,Mayfair Mini 5495 Terra Dark,FLOS,matched,product_code,1,https://inscale.co.kr/web/product/big/202606/c25bc7c63c513a19858c1e4d11724d04.jpg,https://inscale.co.kr/product/detail.html?product_no=848
4F,KNOLL,TULIP Stool,P00000JA,TULIP Stool Yellow,KNOLL,matched,product_code,1,https://inscale.co.kr/web/product/big/202308/7ad84fec1e0ef64263a0c2a1d70f91f8.jpg,https://inscale.co.kr/product/tulip-stool/234/category/86/display/1/
4F,KNOLL,Saarinen Round 1200 - Laminate,P00000KN,Saarinen Round 1200,KNOLL,matched,product_code,1,https://inscale.co.kr/web/product/big/202402/e0e910cd6b9e8b36dcc3b40f5b3ca657.jpg,https://inscale.co.kr/product/saarinen-round-1200-laminate/273/category/86/display/1/
4F,KNOLL,Saarinen Round Side 510 - Nero Marquina,P00000WN,Saarinen Round Side 510,KNOLL,matched,product_code,1,https://inscale.co.kr/web/product/big/202402/1ed8d6b81f2a9c9e65611ee86e099f5a.jpg,https://inscale.co.kr/product/saarinen-round-side-510-nero-marquina/585/category/86/display/1/
4F,ARTEMIDE,Tolomeo Mega Floor Black,P00000NR,Tolomeo Mega Floor Black,ARTEMIDE,matched,product_code,1,https://inscale.co.kr/web/product/big/202309/2397fdc90441c5375878f013b5fba0be.jpg,https://inscale.co.kr/product/tolomeo-terra-mega/355/category/90/display/1/
4F,INGO MAURER,Zettel'z 6,P0000BDU,[Order] Zettel'z 6,Ingo Maurer,matched,product_code,1,https://inscale.co.kr/web/product/big/202606/00286eac08b671cfe73d9e543847c5cd.jpg,https://inscale.co.kr/product/detail.html?product_no=774
4F,Flos,"Goldman
[단종]",P00000LP,,,new_or_unmatched,not_found,,https://inscale.co.kr/web/product/big/202309/0628419eeaced3b3f171bc2c9cc43445.jpg,https://inscale.co.kr/product/goldman/301/category/91/display/1/
4F,Flos,Snoopy Table Lamp,P0000BDW,Snoopy Table Lamp - Green,FLOS,matched,product_code,1,https://inscale.co.kr/web/product/big/202606/a618e11c4f0de3ff45612b92777b9efa.jpg,https://inscale.co.kr/product/detail.html?product_no=776
