floor,location,brand,name,category,price,display,description,designer,size,material,color,origin,image,url,more_image,note
B1,B1,Montana,Panton Wire Single,Chair,280000,전시중,"Design : Verner Panton

Size : W348*D188*H348

Material : Chrome, Lacquered Steel

Color : Chrome, Black, Pine",Verner Panton,W348*D188*H348,"Chrome, Lacquered Steel","Chrome, Black, Pine",,,https://www.montanafurniture.com/en-it/panton-wire-single?product=06161t&colour=pine&wire=20-dybde20cm,,
B1,B1,Vitra,Uten.Silo I,Living Acc,"₩653,000",전시중,"Design : Dorothee Becker

44 Black
Size : W 670 x D 65  x H 870
Material : ABS Plastic",Dorothee Becker,W 670 x D 65 x H 870,ABS Plastic,,,,,,Shogun
B1,B1,CASSINA,Nuage,Storage,"\6,260,000

sliding door 800,000
포함된 가격",전시중,"Design : Charlotte Perriand

Size : W1520*D340*H390
Material:  Natural Oak, Mat black Partition",Charlotte Perriand,W1520*D340*H390,"Natural Oak, Mat black Partition",,,,,,
B1,B1,Vitra,Eames Elephant,Product,"Large
₩543,000
블랙 디피 - 코 부분 스크레치 유

Small ₩173,000

chestnut&ash, grey 
₩2,649,000
walnut 
₩3,007,000",DP SALE,"Design : Charles & Ray Eames

Size :  W410*D785*H415
Material : Dyed-through polypropylene, matt finish

White / Ice grey / Palm green / Deep black
/ Poppy red / Pale rose / Buttercup",Charles & Ray Eames,W410*D785*H415,"Dyed-through polypropylene, matt finish",,,,https://www.vitra.com/en-as/living/product/details/eames-elephant,,
B1,B1,PIET HEIN EEK,"2350L ONE 
BEAM BENCH",Stool & Bench,,전시중,"W200×D20×H48cm

MADE IN Netherlands",,,,,Netherlands,,,,
B1,B1,Vitra,Tabouret Métallique,Product,"₩1,100,000

41 Prouve Bleu 디피 1",DP SALE,"Design : Jean Prouvé

Size : ∅380*W285*H445
Material : Bent sheet steel, Powder-coated finish",Jean Prouvé,∅380*W285*H445,"Bent sheet steel, Powder-coated finish",,,,https://www.vitra.com/en-as/living/product/details/tabouret-metallique,,
B1,B1,Vitra,Vases Découpage,Living Acc,"₩616,000

재고
Boucle 3 / Barre 2
(Barre 1개, 4월 말 추가 입고)

DP 재고
Disque 1(손상있음) / Feuille 1",DP SALE,Design : Ronan & Erwan Bouroullec,Ronan & Erwan Bouroullec,,,,,,https://www.vitra.com/en-as/search?s=vase,https://drive.google.com/drive/folders/1IQaK5vvRH6apEYkohdPneygwFgPoBScx?usp=sharing,
B1,B1,Vitra,Cork Family C,Product,770000,전시중,"Design : Jasper Morrison
 
 Size : Ø310*H330

 Structure : Pure Untreated Cork
 5가지 모델",Jasper Morrison,Ø310*H330,,,,,https://www.vitra.com/en-es/living/product/details/cork-family-model-c,https://drive.google.com/drive/folders/1qqd40McN6wr1UakSscZRHo2C5wI1AxpI?usp=sharing,
B1,B1,Vitra,COLOUR FRAME MIRROR,Mirror,"S ₩974,000
M ₩1,368,000
L ₩1,762,000",전시중,"Design : Julie Richoz

SMALL : W385*D75*H480                      
MEDIUM : W910*D75*H480             
LARGE : W580*D75*H1400                     
Material : Glass, Lacquerd Ash",Julie Richoz,,"Glass, Lacquerd Ash",,,,,,
B1,B1,Marset,"Ginger 
20M Portable",Table,"₩1,050,000
디피1 재고2",DP SALE,"Design : Joan Gaspar

Ø195*H300
Oak
lacquered black matte metal",Joan Gaspar,,,,,,https://www.marset.com/en/indoor-lighting/portable-lamps/ginger-portable/,,
B1,B1,Vitra,Guéridon,Table,"Solid natural oak, oiled 
₩4,200,000

Dark Oak, Varnish
₩4,870,000

American Walnut, Oiled
₩5,900,000",전시중,"Design :  Jean Prouvé

Size : ø1050*H740

Plastic coating over a steel wire frame 
brushed nickel-plates steel

Table top & leg : solid wood in natural oak with oiled finish

Color : solid natural oak, oiled",Jean Prouvé,ø1050*H740,,"solid natural oak, oiled",,,,https://drive.google.com/drive/u/0/folders/11_QgP6p1hy7cPEo2YgZGb5HuD3hsgEck,
B1,B1,Vitra,APC,Product,"₩570,000",전시중,"Design : Jasper Morrison

Size : W425*D460*H445-770 
Material : Dyed-through polypropylene",Jasper Morrison,W425*D460*H445-770,Dyed-through polypropylene,,,,,,
B1,B1,Artek,Stool E60,Stool & Bench,570000,전시중,"Design : Poul Henningsen

Size : Ø380*H440
Color : Brass
Shades : mouth-blown white opal glass with the body
Base : brass metallised brass",Poul Henningsen,Ø380*H440,,Brass,,,https://www.artek.fi/en/products/stool-e60,,
B1,B1,Vitra,Rayonnage Mural,Product,"₩2,674,000


Bleu NEW 1
Ecru NEW 2",전시중,"Design : Jean Prouvé

Size : 1180*250*H700

bent sheet steel
 powder-coated in Prouvé Bleu Marcoule
 shelves in solid natural oak, oiled",Jean Prouvé,1180*250*H700,,,,,https://www.vitra.com/en-gb/living/product/details/rayonnage-mural,https://drive.google.com/drive/folders/1CuB8CI0w4-C6vpnvmFzoQrNCdOUZ-ig1?usp=sharing,
B1,B1,Vitra,Night Clock,Living Acc,"₩801,000
 

DP 1 / 재고 1",DP SALE,"Design : George Nelson
 
 Black",George Nelson,,,,,,https://www.vitra.com/en-us/living/product/details/night-clock,https://drive.google.com/drive/folders/1jUs7IGqRqJAuufBEKaWfJKPJgc1GMDNi?usp=sharing,
B1,B1,Flos,Bellhop,Lighting,"grey blue, yellow, white, grey, 
cioko, brick red : ₩489,000

matt black : ₩575,000


Cioko(다크 브라운) 재고2",전시중,"Design : Edward Barber & Jay Osgerby
 
Size : Ø125*H210

 USB-C charging cable
 4-step dimmer
 Material : Polycarbonate
 LED 2700K",Edward Barber & Jay Osgerby,Ø125*H210,Polycarbonate,,,,https://usa.flos.com/modern-table-lamps/bellhop-table,https://drive.google.com/drive/folders/1I-X0pWwlsK411Ym9Nj9H3WHHA9La0JDy?usp=sharing,
B1,B1,Vitra,"Metal Side Table
Large",Table,"₩1,390,000",전시중,"Bent and welded sheet steel, 
 Powder coated white, highly polished",,,,,,,https://www.vitra.com/en-us/living/product/details/metal-side-tables-outdoor,https://drive.google.com/drive/folders/1ZvK8noeRRtvCrgK9lLeFheR710dMpji2?usp=sharing,
B1,B1,Vitra,"Metal Side Table
 Medium",Table,"S
₩1,000,000
M
₩1,180,000
DP 1 / 재고 1
L
₩1,390,000

Silver(Outdoor)
₩1,230,000",DP SALE,"Design : Ronan & Erwan 
 Bouroullec

Size : 400*400*H445
 
 Bent and welded sheet steel, 
 Powder coated white, highly polished",Ronan & Erwan,400*400*H445,,,,,https://www.vitra.com/en-gb/living/product/details/metal-side-tables,,
B1,B1,Artek,"Kiki Sofa
 - 2-seater",Sofa,5560000,전시중,"Designer: Ilmari Tapiovaara

Size : W1160*D750*H680
Seat and back : Fabric upholstery with PU foam 
and polyester padding 
Frame : Steel
Upholstery : Raf simons (F200)",Ilmari Tapiovaara,W1160*D750*H680,,,,,https://www.artek.fi/en/products/kiki-sofa#info,,
B1,B1,Vitra,Fauteuil de salon,Chair,"₩4,800,000

NEW 1
F100 Nubia - Cream/Sand
₩5,040,000",전시중,"Design : Jean Prouve

Size : W680*D840*H415-825
 
 Cover material : F60 Twill
 Cover colour : Cognac
 Armrests : 70 Natural Oak Oiled
 Base : 40 Chocolate (단종 컬러)",Jean Prouve,W680*D840*H415-825,F60 Twill,Cognac,,,https://www.vitra.com/en-es/living/product/details/fauteuil-de-salonn,,
B1,B1,Vitra,Panton Junior,Chair,"Panton Junior  ₩370,000
 Soft Mint 
 Pale Rose",전시중,"Design : Verner Panton

Size : W376*D446*H628
Material : Dyed through polypropylene / mett finish",Verner Panton,W376*D446*H628,Dyed through polypropylene / mett finish,,,,https://www.vitra.com/en-as/living/product/details/panton-chair,https://drive.google.com/drive/folders/1osV5SZkwmSnSHu5CQaT_Ec0le-mve0Gn?usp=sharing,
B1,B1,Vitra,"Wall Clocks - 
Ball Clock",Lighting,"Black/Brass
₩814,000

Beech
₩629,000",전시중,"Design :  George Nelson

Size : Ø 330
black/brass
Materials: various types of wood and metal.
Product contents: high-quality quartz clock movement, 
1.5 volt battery included.",George Nelson,Ø 330,s: various types of wood and metal.,,,,,,
B1,B1,Vitra,Uten.Silo II,Living Acc,"₩543,000",전시중,"Design : Dorothee Becker

Material : ABS plastic
Size : H 680 x W 520 x D 65 mm",Dorothee Becker,H 680 x W 520 x D 65 mm,ABS plastic,,,,,,
B1,B1,NEMO,LAMPE DE MARSEILLE,Lighting,"₩1,820,000",전시중,"Design : Le Corbusier

Size : Ø500*H400/ Stem : W1660
Color : Grey / Internal whitewash
Material : Steel,  Aluminium",Le Corbusier,Ø500*H400/ Stem : W1660,"Steel, Aluminium",Grey / Internal whitewash,,,,,
B1,B1,Artek,Side Table 915,Table,"white lacquered
₩1,930,000

Black 
₩1,930,000",전시중,"Design : Alvar Aalto

Size : W490 x D590 x H590

Color : White Lacquered
Material : Solid Birch / Birch Plywood",Alvar Aalto,W490 x D590 x H590,Solid Birch / Birch Plywood,White Lacquered,,,https://www.artek.fi/en/products/side-table-915,https://drive.google.com/drive/folders/10cznMEFMRMWv09zbAxk8G_PTm_gurRyF,
B1,B1,"Louis
Poulsen","PH 2/1
Table",Table,"₩1,771,000

재고3",전시중,"Design : Poul Henningsen

Size : Ø200*H355
Color : Brass
Shades : mouth-blown white opal glass with the body
Base : brass metallised brass",Poul Henningsen,Ø200*H355,,Brass,,,https://www.louispoulsen.com/ko-kr/catalog/private/table/ph-21-table?v=91418-5744164278-01&t=spareparts,https://drive.google.com/drive/folders/1vjuiGkCLqMiSa4zAAp0Y4pJYXPHMdiux?usp=sharing,
B1,B1,Vitra,Tool Box,Product,"₩66,000",전시중,"Design : Arik Levy

Size : W327*D167*H81

Material:  ABS plastic",Arik Levy,W327*D167*H81,ABS plastic,,,,https://www.vitra.com/en-es/living/product/details/toolbox-re,https://drive.google.com/drive/folders/1-oR43ZNq5eyBQ0Lzh5mrHjcu99lz_wIJ?usp=sharing,
B1,B1,Artek,Tea Trolley 901,Product,4610000,전시중,"Designer: Alvar Aalto

Size : W900*D500*H560
Frame : Form-bent solid birch lamella
Wheels : MDF, Black rubber ring
Top : High-pressure laminate",Alvar Aalto,W900*D500*H560,,,,,,,
B1,B1,Artek,Wall Shelf 112B,Lighting,"Natural lacquered
₩810,000

white, black
₩910,000",전시중,"Design : Alvar Aalto

Size : 900 x 250 x H245
Brackets: birch, clear lacquer
Shelf: birch, clear lacquer",Alvar Aalto,900 x 250 x H245,,,,,,,
B1,B1,FLOS,GATTO PICOLO,Product,900000,전시중,"Designer : Achille & Pier 

Size : Ø210*H310
Cocoon resin, Steel",Achille & Pier,Ø210*H310,,,,,https://flos.com/en/it/gatto/M-gatto.html?dwvar_M-gatto_modelInfo=Gatto%20Piccolo&quantity=1,,
B1,B1,Vitra,Panton classic,Chair,"₩2,710,000
 
 Green new 3
 Red new 1

 *판톤무광 ₩620,000",전시중,"Design : Verner Panton
 
 Size : W500*D610*H415-830

 Shell : rigid polyurethane foam
 Surface : glossy lacquer finish

 (Black/White/Red/Green)",Verner Panton,W500*D610*H415-830,,,,,https://www.vitra.com/en-gb/living/product/details/panton-chair-classic,https://drive.google.com/drive/folders/1zMpj5KsjlLq9rP6kq53EvasH8P4AZN5S?usp=sharing,
B1,B1,Artemide,NESSINO,Product,"₩320,000


White 가격동일

재고없음",전시중,"Design : Giancarlo Mattioli

Size : Ø320*H223

Orange
Polycarbonate",Giancarlo Mattioli,Ø320*H223,,,,,https://www.artemide.com/en/subfamily/23264/nessino,https://drive.google.com/drive/folders/1-9gRCQHxC0Fkl4FIK8tmWYLiG7kdqYHD?usp=share_link,
B1,B1,Vitra,Tabouret Métallique,Product,"₩1,170,000

41 Prouve Bleu 디피 1",DP SALE,"Design : Jean Prouvé

Size : ∅380*W285*H445
Material : Bent sheet steel, Powder-coated finish",Jean Prouvé,∅380*W285*H445,"Bent sheet steel, Powder-coated finish",,,,https://www.vitra.com/en-as/living/product/details/tabouret-metallique,,
B1,B1,Artek,Pendant Light JL341,Lighting,"White : 1,520,000
Brass : 1,690,000 (지하1층 DP)",DP SALE,"Designer: Juha Leiviskä
 
Shade : Hand-spun aluminium
Shade and reflectors white lacquered 
White plastic cable, length 2 m
Size : Ø560 x H170",Juha Leiviskä,Ø560 x H170,,,,,,,
B1,B1,Vitra,Compas Direction,Product,"₩4,390,000
 Red base (New 1)
DP 15% ₩3,578,500 


Dark oak ₩4,390,000

Walnut ₩4,810,000",DP SALE,"Design : Jean Prouve
 
 Size : 1250*600*H730

 Top : Natural Solid Oak
 Base - Black Smooth",Jean Prouve,1250*600*H730,,,,,https://www.vitra.com/en-us/living/product/details/compas-direction,https://drive.google.com/drive/folders/1nGwoc_mKRWfCb5_lU9LZUib4BX2QZRD0?usp=sharing,
B1,B1,Vitra,"Fauteuil 
Direction Chair",Chair,3790000,전시중,"Design : Jean Prouve
650*625*h815

Cover material : Twill (Brown)",Jean Prouve,,Twill (Brown),,,,,,
B1,B1,Artemide,Tolomeo Table Micro,Table,"₩440,000
 
재고
블랙1, 화이트3

Polished Alu, Blue, Red
₩460,000",전시중,"Design : Michele De Lucchi, Giancarlo Fassina

 Size : Ø170(베이스)

 Colour: Black & Silver
 Material: Aluminium, steel","Michele De Lucchi, Giancarlo Fassina",Ø170(베이스),"Aluminium, steel",Black & Silver,,,https://www.artemide.com/en/subfamily/1834025/tolomeo-micro-table,https://drive.google.com/drive/folders/107a_y6HckqHwXGNmcE0Pl7luFElJiOu4,
B1,B1,Flos,Wirering Wall,Lighting,"Gold ring  ₩1,710,000
Black ring  ₩1,710,000
White ring  ₩1,670,000
Pink ring  ₩1,670,000

*링 컬러에 따라 가격 상이
 (케이블 컬러는 가격 영향 X)

12월 가격 인하 
* COLOR 다양 / 가격 다름 / 발주 시 담당자에게 가격문의",전시중,"Design :  Formafantasma

 W320*H2080*Ø310
 Extruded aluminium 
 galvanised or varnished finish
 Coloured rubber cable
 Cable length 2.5 meters
 16W-2700K",Formafantasma,,,ed rubber cable,,,https://usa.flos.com/modern-wall-and-ceiling-lamps/wirering,https://drive.google.com/drive/folders/1-V9T595qMOyB64REZMR9EGarMrSyFFqU,
B1,B1,Artemide,Shogun,Product,"₩1,320,000",전시중,"Design : Mario Botta
 
 Size : Ø320*H595

 Material: Aluminium, steel",Mario Botta,Ø320*H595,"Aluminium, steel",,,,,https://drive.google.com/drive/folders/1jobKFiQmXyOGuBc0yZ9BSXpDvN0PykRB?usp=sharing,
B1,B1,Vitra,Chap,Living Acc,"₩185,000


Tray : ₩66,000",전시중,"Design : Konstantin Grcic

Size : W430*D430*H455
(Tray : W415*D200*H63)

Material: recycled polypropylene",Konstantin Grcic,W430*D430*H455,recycled polypropylene,,,,https://www.vitra.com/en-as/product/details/chap,,
B1,B1,Vitra,Happy Bin,Product,"Small 
화이트2 / 블랙3

₩114,000

Large 
화이트2 / 블랙1

₩136,000",전시중,"Design : Michel Charlot

Small : ∅235*H295
Large : ∅300*375

 
Color : White, Sky Grey, Basic Black,
Yellow, Poppey Red",Michel Charlot,,,"White, Sky Grey, Basic Black,",,,https://www.vitra.com/en-as/office/product/details/happy-bin-l,,
B1,B1,Vitra,Tabouret Bois,Product,"₩1,300,000",전시중,"Design : Jean Prouve

Size : Ø350*H450

natural solid oak, oiled finish
connecting element : sheet metal,
powder-coated in deep black",Jean Prouve,Ø350*H450,,,,,https://www.vitra.com/en-as/living/product/details/tabouret-bois,,
B1,B1,Vitra,EM Table,Table,"EM Table (HPL) 1800
5,490,000
EM Table (Veneer) 1800
6,240,000
EM Table (Wood) 1800
7,210,000
EM Table (HPL) 2000
5,540,000
EM Table (Veneer) 2000
6,740,000
EM Table (Wood) 2000
7,910,000
EM Table (Wood) 2200
8,160,000
Natural oak veneer top /
Blk base 재고 1",전시중,"Design : Jean Prouve
 
Size : 2000*900*H740

Top : Natrural Oak Veneer
Base : Ecru Smooth",Jean Prouve,2000*900*H740,,,,,https://www.vitra.com/en-es/living/product/details/em-table,https://drive.google.com/drive/folders/1P72r8hR5e2bxs7L4_vKC6IIXtn__mzGh?usp=sharing,
B1,B1,Vitra,STANDARD,Product,"₩1,370,000
 디피재고2
 등판 뒤1개 흠집

*2025.02.01부터 가격인상
₩1,370,000",DP SALE,"Design : Jean Prouve

420*490*H465-820
 Seat&Back : Dark Oak
 Base : 40 Chocolate smooth
 Glide : 05 Felt glide",Jean Prouve,,,,,,https://www.vitra.com/en-us/living/product/details/standard,,
B1,B1,Vitra,STANDARD,Product,"₩1,370,000
 재고2",전시중,"Design : Jean Prouve

 Seat &Back: Dark Oak
 Base : Japanese Red smooth
 Glide : 05 Felt glide",Jean Prouve,,,,,,,,
B1,B1,Vitra,STANDARD SP,Product,"₩950,000",전시중,"Design : Jean Prouve

Size : 420*490*H820
  
 Seat& Back : basalt (plastic)
Base: Prouvé Blé Vert
 Glide : Felt glide",Jean Prouve,420*490*H820,,,,,https://www.vitra.com/en-us/living/product/details/standard,https://drive.google.com/drive/folders/1HkHpfPH-2FXnrSEEuck5O0R_PmelI_BT?usp=sharing,
B1,B1,Vitra,STANDARD SP,Product,"₩950,000
 재고 1",전시중,"Design : Jean Prouve
 
 Seat& Back : basalt (plastic)
Base: Prouvé Bleu Dynastie
 Glide : Felt glide

420*490*h820",Jean Prouve,,,,,,https://www.vitra.com/en-us/living/product/details/standard,https://drive.google.com/drive/folders/1HkHpfPH-2FXnrSEEuck5O0R_PmelI_BT?usp=sharing,
B1,B1,Vitra,STANDARD SP,Product,"₩950,000
 재고 2",전시중,"Design : Jean Prouve
 
Size : 420*490*h820
Seat& Back : warm grey
  Base : mint textured 
 Glide : Felt glide",Jean Prouve,420*490*h820,,,,,https://www.vitra.com/en-us/living/product/details/standard,https://drive.google.com/drive/folders/1HkHpfPH-2FXnrSEEuck5O0R_PmelI_BT?usp=sharing,
B1,B1,Vitra,"Eames Elephant
Small",Product,"₩173,000

재고
화이트1 / 그린 x 
옐로우1 / 핑크1",전시중,"Design : Charles & Ray Eames

Size : 390*205*H210 mm

Material : Dyed-through polypropylene, matt finish
Color : White,  Ice Grey, Palm Green, Poppy Red, Buttercup, Pale Rose,  Deep Black",Charles & Ray Eames,390*205*H210 mm,"Dyed-through polypropylene, matt finish","White, Ice Grey, Palm Green, Poppy Red, Buttercup, Pale Rose, Deep Black",,,https://www.vitra.com/en-as/living/product/details/eames-elephant,https://drive.google.com/drive/folders/10aciIvCt61wN6Bv1CyUzs2J2y9haRXbx,
B1,B1,Vitra,Turbine Clock,Living Acc,1269000,전시중,"Design : George Nelson, 1949-1960

Size : Ø765 

Brass, Aluminium","George Nelson, 1949-1960",Ø765,,,,,https://www.vitra.com/en-as/living/product/details/turbine-clock,https://drive.google.com/drive/folders/1R5C7EmYFJGwS-1m0JWyiZx_rk0OnsLQE?usp=sharing,
B1,B1,Vitra,Sunburst Clock,Living Acc,900000,전시중,"Design : George Nelson, 1949-1960

Size : Ø470 

Wood, brass","George Nelson, 1949-1960",Ø470,,,,,,,
B1,B1,Vitra,Star Clock,Living Acc,900000,전시중,"Design : George Nelson, 1949-1960

Size : Ø610 

Chrome, Brass","George Nelson, 1949-1960",Ø610,,,,,https://www.vitra.com/en-as/living/product/details/star-clock,https://drive.google.com/drive/folders/1bbhwnJWRdP_Ig6SPTYz_zyUdmAtFjFJJ?usp=sharing,
B1,B1,Vitra,Asterisk Clock,Living Acc,616000,전시중,"Design : George Nelson, 1949-1960

Size : Ø250

Brass","George Nelson, 1949-1960",Ø250,,,,,,,
B1,B1,Vitra,Corniche,Lighting,"S ₩148,000

M ₩185,000

L ₩222,000",전시중,"Design : Ronan & Erwan Bouroullec
Shell : ASA plastic, high-gloss surface
Wall bracket : Polyamide
White / Grey / Orange",Ronan & Erwan Bouroullec,,,,,,https://www.vitra.com/en-as/search?s=Corniche,https://drive.google.com/drive/folders/1SPYyeznEgQyjTXN0br80e9q1lXv1c0-M?usp=sharing,
B1,B1,Artemide,Eclisse,Lighting,"₩330,000
 Red 4
 Orange 2
 Yellow 2
 White 4

*PVD ₩330,000",전시중,"Design : Vico Magistretti
 
 Size : Ø120*H180

 Colour : Orange/Red/White/Yellow
 Material : steel,technopolymer",Vico Magistretti,Ø120*H180,"steel,technopolymer",Orange/Red/White/Yellow,,,https://www.artemide.com/en/subfamily/32542/eclisse,https://drive.google.com/drive/folders/1-I2izWtwV6UADj0qNPcnEo9b3f6KJzSA,
B1,B1,Flos,Lampadina,Lighting,"white, green, black, orange 
: ₩ 232,000

turquioise, violet : 단종 

White (New 2)
Green (New 2)
Black (New 2)
Orange (New 1)",전시중,"Design : Achille Castiglioni, 1972

Size : Ø125*H240

 NO DIMM / ON-OFF
Material : Aluminum
LED 2700K","Achille Castiglioni, 1972",Ø125*H240,Aluminum,,,,https://usa.flos.com/modern-table-lamps/Lampadina,https://drive.google.com/drive/folders/1-q8pEiUXhC_556MJ-lrghVQD7x5k4ROW,
B1,B1,Vitra,"Wooden Doll Cat 
Large",Product,"Large
₩481,000

Small
₩259,000
4월 말 2개 입고 예정",전시중,"Design : Alexander Girard

Size : 110 x H400 mm

Material : Solid fir, hand painted",Alexander Girard,110 x H400 mm,"Solid fir, hand painted",,,,https://www.vitra.com/en-as/living/product/details/wooden-doll-cat-large,https://drive.google.com/drive/folders/1s2vL7XPsohlilscFQK6uV1wFJX8RnO0P,
B1,B1,Vitra,Wooden Dolls,Product,"₩247,000
New 2",전시중,"No.9

Size : 60*45*H205",,60*45*H205,,,,,https://www.vitra.com/en-as/living/product/details/wooden-doll-no-9,https://drive.google.com/drive/folders/1s2vL7XPsohlilscFQK6uV1wFJX8RnO0P?usp=sharing,
B1,B1,Vitra,Wooden Dolls,Product,"₩247,000
New 2",전시중,"No.12

Size : 80*45*H185",,80*45*H185,,,,,https://www.vitra.com/en-as/living/product/details/wooden-doll-no-12,https://drive.google.com/drive/folders/1s2vL7XPsohlilscFQK6uV1wFJX8RnO0P?usp=sharing,
B1,B1,Vitra,Wooden Dolls,Product,"₩247,000
New 3",전시중,"No.20

Size : 49*43*H234",,49*43*H234,,,,,https://www.vitra.com/en-as/living/product/details/wooden-doll-no-20,https://drive.google.com/drive/folders/1s2vL7XPsohlilscFQK6uV1wFJX8RnO0P?usp=sharing,
B1,B1,Vitra,Wooden Dolls,Product,"₩247,000
New 1",전시중,"Little Devil

Size : 46*30*H140",,46*30*H140,,,,,https://www.vitra.com/en-as/living/product/details/wooden-doll-little-devil,https://drive.google.com/drive/folders/1s2vL7XPsohlilscFQK6uV1wFJX8RnO0P?usp=sharing,
B1,B1,Artek,beehive,Product,"₩69,000
poster only
액자비 별도",전시중,"Size : 50*70

 Silkscreen printed",,50*70,,,,,,,
B1,B1,Artek,stool 60,Stool & Bench,"₩69,000
poster only
액자비 별도",전시중,"Size : 50*70

Silkscreen printed",,50*70,,,,,,,
B1,B1,Artek,KAARI WALL CONSOLE,Table,"₩1,360,000
DP 25%
판매완료 후 out",DP SALE,"Design : Ronan & Erwan Bouroullec

Size : W1000*D450*H340

Shelf : Black linoleum, Black Edge ABS
Wall bracket : Natural Oak, Protectice Varnish",Ronan & Erwan Bouroullec,W1000*D450*H340,,,,,https://www.artek.fi/en/products/kaari-wall-console,,
B1,B1,Vitra,.04,Product,"₩1,970,000",전시중,"Design : Maarten Van Severen

Size : W565*D446*H805-930

Backrest and seat : Polyurethane
Base : Aluminium bridge, powder-coated",Maarten Van Severen,W565*D446*H805-930,,,,,https://www.vitra.com/en-as/office/product/details/04,,
B1,B1,Artemide,Tolomeo Table Micro,Table,"4월 인상
블랙, 화이트, 알루미늄
₩440,000

Polished Alu, Blue, Red
₩460,000

재고
블랙1, 화이트1",전시중,"Design : Michele De Lucchi, Giancarlo Fassina

 Size : Ø170(베이스)

 Colour: Black & Silver
 Material: Aluminium, steel","Michele De Lucchi, Giancarlo Fassina",Ø170(베이스),"Aluminium, steel",Black & Silver,,,https://www.artemide.com/en/subfamily/1834025/tolomeo-micro-table,https://drive.google.com/drive/folders/107a_y6HckqHwXGNmcE0Pl7luFElJiOu4,
B1,B1,Vitra,"Eames House Bird 
(21503100)",Product,"Black
₩382,000
재고2

Walnut 
₩604,000",전시중,"Design : Charles & Ray Eames

Size :278*85*H276 mm

Material : Alder wood, black lacquer finish & Steel wire
Color : Black, Walnut",Charles & Ray Eames,278*85*H276 mm,"Alder wood, black lacquer finish & Steel wire","Black, Walnut",,,https://www.vitra.com/en-as/living/product/details/eames-house-bird,https://drive.google.com/drive/folders/10Nd-YlxRitpYfue4mWvg0at-RtxXPeoK,
B1,B1,Artek,"REB 007
285 032 12",Lighting,590000,전시중,"Design : Ronan & Erwan Bouroullec 

KARRI WALL SHELF ROUND
Ø350,  24mm thick, H300
Panel (Shelf) : black linoleum, black edge 
Bracket : natural oak with 
black powder coated steel",Ronan & Erwan Bouroullec,,,,,,https://www.artek.fi/en/products/kaari-wall-shelf-round,https://drive.google.com/drive/folders/1-lah7B2d__2py4N8P7d-HZmTgHf5pDTd?usp=sharing,
B1,B1,Artek,KAARI WALL SHELF,Lighting,판매완료,전시중,"Design : Ronan & Erwan Bouroullec 

Size : 1000*350*H1880

 5단 선반
5 Panels (shelves) : 100*35 black glossy melamine
Bracket : natural oak with 
black powder coated steel",Ronan & Erwan Bouroullec,1000*350*H1880,,,,,https://www.artek.fi/en/products/kaari-wall-shelf#info,https://drive.google.com/drive/folders/1uAGOrOc-TcqZ7Bhz-Ffi7TxUZWmtgVQB?usp=sharing,
B1,B1,Vitra,Fauteuil de salon,Chair,4440000,전시중,"Design : Jean Prouve

Size : W680*D840*H415-825
 
 Cover material : Twill
 Cover colour : Green grey
 Armrests : 70 Natural Oak Oiled
 Base : Japanese Red",Jean Prouve,W680*D840*H415-825,Twill,Green grey,,,https://www.vitra.com/en-es/living/product/details/fauteuil-de-salonn,,창고 이동
B1,B1,Vitra,Stool-Tool,Stool & Bench,"₩550,000",전시중,"Design : Konstantin Grc

Size :  W460*D725*H750
Material : Polypropylene, Suited for outdoor use

Light grey / Industrial green / Poppy red",Konstantin Grc,W460*D725*H750,"Polypropylene, Suited for outdoor use",,,,https://www.vitra.com/en-as/office/product/details/stool-tool,https://drive.google.com/file/d/1yrOZPLdBv60QP2oOwQQbLBHrozc_JEbW/view?usp=sharing,
B1,B1,Artemide,Eclisse,Lighting,"₩330,000
 Red 4
 Orange 2
 Yellow 2
 White 4

*PVD ₩370,000",전시중,"Design : Vico Magistretti
 
 Size : Ø120*H180

 Colour : Orange/Red/White/Yellow
 Material : steel,technopolymer",Vico Magistretti,Ø120*H180,"steel,technopolymer",Orange/Red/White/Yellow,,,https://www.artemide.com/en/subfamily/32542/eclisse,https://drive.google.com/drive/folders/1-I2izWtwV6UADj0qNPcnEo9b3f6KJzSA,
B1,B1,Artemide,Eclisse PVD,Lighting,"₩370,000

Gold 4
Copper 3
Mirror 4
Black 3",전시중,"Design : Vico Magistretti

Size : Ø120*H180

Colour : Black/Copper/Gold/Mirror
Material : steel,technopolymer",Vico Magistretti,Ø120*H180,"steel,technopolymer",Black/Copper/Gold/Mirror,,,https://www.artemide.com/en/subfamily/32542/eclisse,https://drive.google.com/drive/folders/1K63ngdEuEas5NEfLoLssR5Gq01Q7fEkg?usp=sharing,
B1,B1,Tom Dixon,Melt,Product,"₩1,370,000
DP 20% ₩1,096,000
최대 30% ₩959,000
판매완료 후 out

재고
Gold 2
Chrome 2",DP SALE,"Ø270 
Polycarbonate / E14",,,,,,,https://www.tomdixon.net/en/melt-mini-led-pendant-chrome-1.html,https://drive.google.com/drive/folders/1F-qoZRJUmLn3I95Fc-HhWR9YO0e-79pU?usp=sharing,
B1,B1,Tom Dixon,Melt,Product,"₩2,090,000
DP 20% ₩1,672,000
최대 30% ₩1,463,000
판매완료 후 out",DP SALE,"Ø500 
Polycarbonate / E26(E27)",,,,,,,https://www.tomdixon.net/en/melt-led-pendant-gold-1.html;,https://drive.google.com/drive/folders/1F-qoZRJUmLn3I95Fc-HhWR9YO0e-79pU?usp=sharing,
B1,B1,Vitra,Rotary Tray,Living Acc,"₩100,000
재고1",전시중,"Design : Jasper Morrison

Size : W300/170 X H120

87 teak brown (단종컬러)",Jasper Morrison,W300/170 X H120,,,,,https://www.vitra.com/en-us/living/product/details/rotary-tray,https://drive.google.com/drive/folders/1FPcyf97xOvT_YQ-s-Ju0EVMWpQriZieW?usp=sharing,
B1,B1,USM,Haller Storage,Storage,3107000,전시중,"1*3
White
2 angled shelves
Size :  W750*D350*H800+40",,W750*D350*H800+40,,,,,,,
B1,B1,Flos,Oblique,Product,640000,전시중,"Design : Vincent Van Duysen , 2020

Size :  Ø120-155*H350
ON/OFF switch
Material : Die-cast aluminum, 
LED 2700K","Vincent Van Duysen , 2020",Ø120-155*H350,"Die-cast aluminum,",,,,https://flos.com/en/it/oblique/M-oblique.html,,
B1,B1,FLOS,DIABOLO,Product,"₩1,960,000
*White   ₩1,570,000

RED DP 1개
**단종     NEW GREY 2개",DP SALE,"Design : Achille Castiglioni

Size: W390*H950
Material：Aluminum
Color : Cherry Red, White, Beaver Brown",Achille Castiglioni,W390*H950,：Aluminum,"Cherry Red, White, Beaver Brown",,,https://professional.flos.com/en/global/model/diabolo-model297/,,
B1,B1,Vitra,Anagram Soft,Table,"Platform \6,910,000
Panel \950,000 x 2
Back cushion  \760,000
Table \690,000

Total /10,260,000",전시중,"Design : Panter&Tourron

Platform : W1800 x D900 (F100.Nubia : ivory)
Panel : 900mm x 2 (F100.Nubia : ivory)
Back cushion : 900mm x 1 (F100.Nubia : ivory)
Table : Ø350 Natural Oak",Panter&Tourron,,,,,,,,
B1,B1,Artemide,NESSINO,Product,"₩320,000
 
 Orange 가격 동일

 재고없음",전시중,"Design : Giancarlo Mattioli

Size : Ø320*H223

White
 Polycarbonate",Giancarlo Mattioli,Ø320*H223,,,,,https://www.artemide.com/en/subfamily/23264/nessino,https://drive.google.com/drive/folders/1-9gRCQHxC0Fkl4FIK8tmWYLiG7kdqYHD?usp=share_link,
B1,B1,Vitra,"Isamu nogichi 
Coffee Table",Table,"Black ash ₩4,300,000
Walnut ₩5,860,000
Maple ₩4,300,000",전시중,"Design : Isamu Noguchi
 
Size : 1280*930*H400

Top : heavy glass, 19mm, ground rounded edges
Base : Black Ash

Oak(품목코드: 20130005)  2026년 2월 5일부터 판매시작
소비자가: 5,410,000원",Isamu Noguchi,1280*930*H400,,,,,,,
B1,B1,Vitra,Cite,Product,"₩8,330,000

Japanese Red Base (New 1)
Deep Black Base (New 1)

*Fabric (F80)  
->₩6,370,000",전시중,"Design : Jean Prouvé

Size : W680*D950*H335-840

Seat : Black Leather 20 
Base : Japanese Red Powder coated 
steel smooth",Jean Prouvé,W680*D950*H335-840,,,,,https://www.vitra.com/en-us/living/product/details/cite,https://drive.google.com/drive/folders/1in-XaNuX38dWE17KSRciNCGDUrssu55O?usp=sharing,
B1,B1,Herman Miller,Hang It All,Product,"₩370,000",전시중,"Design : Charles & Ray Eames

Size : W500*D160*H370 
Material : Powder-coated steel",Charles & Ray Eames,W500*D160*H370,Powder-coated steel,,,,,,
B1,B1,Vitra,Trapeze Table,Table,11850000,전시중,"Design : Jean Prouvé

2230*725*h720
Top Black HPL
Base Black Powder coated Sheet Steel",Jean Prouvé,,,,,,https://www.vitra.com/en-as/living/product/details/trapeze,,
B1,B1,CASSINA,"MODULAR
IMAGINATION",Product,3010000,전시중,"Design : Virgil Abloh

Size : W450*D450*H450
Structure : Recycled wood
Material : Padding",Virgil Abloh,W450*D450*H450,Padding,,,,,,"고무와 비슷한 성분의 
유기농 패딩을 사용하여 
몸에 나쁜 성분이
아니라고 안내"
B1,B1,ARTEK,Table 95,Table,2410000,전시중,"Designer : Alvar Aalto

Top : White HPL
Material : Solid birch
Size : W1200 x D600 x H740",Alvar Aalto,W1200 x D600 x H740,Solid birch,,,,,,블랙도 가격 동일
B1,B1,ARTEK,"Kaari Table 
Round 80",Table,"Linoleum black
￦2570000

HPL, high-gloss white
￦2,280,000",전시중,"Designer : Alvar Aalto

Top : HPL / Linoleum
Legs : Solid Oak
Braces : Flat rolled steel
Top core : MDF
Size : 80cm x 75cm x 74cm",Alvar Aalto,80cm x 75cm x 74cm,,,,,,,
B1,B1,ARTEK,Atelier Chair,Chair,960000,전시중,"Designer : TAF Studio

Material : Solid beech / Beech veneer
Color : Dark red lacquer
Size : W460 x H780 x H455 - 470",TAF Studio,W460 x H780 x H455 - 470,Solid beech / Beech veneer,Dark red lacquer,,,,,
B1,B1,ARTEK,Rope Chair,Chair,1140000,전시중,"Designer : Ronan & Erwan Bouroullec

Frame : Steel, Black powder coating
Seat : Ash veneer, Black lacquer
Back and armrests : Flax rope, Black
Color : Black & White
Size : W510 x D440 x H455 - 800",Ronan & Erwan Bouroullec,W510 x D440 x H455 - 800,,Black & White,,,,,블랙/화이트 가격 동일
B1,B1,Vitra,Nuage,Storage,"S ￦210,000
M ￦272,000
L ￦333,000",전시중,"Designer : Ronan & Erwan Bouroullec


Material : Ceramic, Rubber stoppers.
Color : Ivory , Matt finish
Size : 195 * 160(L)
Size : 195 * 160(M)
Size : 195 * 80(S)",Ronan & Erwan Bouroullec,195 * 160(L),"Ceramic, Rubber stoppers.","Ivory , Matt finish",,,,,
B1,B1,Vitra,EVO-C,Product,670000,전시중,"Designer : Jasper Morrison

Material : Polypropylene
Color : Graphite grey
Size : W415 x D450 x H440 - 815",Jasper Morrison,W415 x D450 x H440 - 815,Polypropylene,Graphite grey,,,,,블랙/화이트 가격 동일
B1,B1-1 계단,Vitra,Uten.Silo I,Living Acc,"₩653,000",전시중,"Design : Dorothee Becker

Japanese Red
Size : W 670 x D 65  x H 870
Material : ABS Plastic",Dorothee Becker,W 670 x D 65 x H 870,ABS Plastic,,,,https://www.vitra.com/en-us/product/utensilo,,
B1,B1-1 계단,Artemide,teti,Product,150000,전시중,"Design : Vico  Magistretti

Size : Ø140*H70
Color : transparent
Material : polycarbonate",Vico Magistretti,Ø140*H70,polycarbonate,transparent,,,https://www.artemide.com/en/subfamily/21098/teti,,
B1,B1-1 계단,Artemide,Eclisse PVD,Lighting,470000,전시중,"Design : Vico Magistretti
 
 Size : Ø120*H180

 Colour : Copper/Gold/Mirror 
 Material : steel,technopolymer",Vico Magistretti,Ø120*H180,"steel,technopolymer",Copper/Gold/Mirror,,,https://www.artemide.com/en/subfamily/32542/eclisse,,
B1,B1-1 계단,Artemide,Eclisse,Lighting,440000,전시중,"Design : Vico Magistretti
 
 Size : Ø120*H180

 Colour : Orange/Red/White/Yellow 
 Material : steel,technopolymer",Vico Magistretti,Ø120*H180,"steel,technopolymer",Orange/Red/White/Yellow,,,,,
B1,B1-1 계단,USM,Haller Storage,Storage,107000,전시중,"1*3
Color : White

2 angled shelves

Size :  W750*D350*H800+40",,W750*D350*H800+40,,White,,,,,
B1,B1-1 계단,Artek,Stool E60,Stool & Bench,510000,전시중,"Design : Alvar Aalto

Size : Ø380*H440

Color : Birch yellow lacquered

Legs : birch or wild birch natural lacquered",Alvar Aalto,Ø380*H440,,Birch yellow lacquered,,,https://www.artek.fi/en/products/stool-e60,,
B1,B1-1 계단,Vitra,EVO-C,Lighting,670000,전시중,"Design : Jasper Morrison

Size : W415*D450*H815-440

Material : Dyed-through polypropylene, matt finish

Color : poppy red / ivory / graphite grey / light mint",Jasper Morrison,W415*D450*H815-440,"Dyed-through polypropylene, matt finish",poppy red / ivory / graphite grey / light mint,,,https://www.vitra.com/en-us/product/evo-c,,
B1,B1-1 계단,Artek,"Riihitie
Plant Pot",Lighting,"Small Size : ₩148,000
Large Size : ₩333,000",전시중,"Small Size : H12*20.5*16 cm
Large Size : H20*40*27 cm

Material : Ceramic

Color : white glaze / blue glaze / light gray glaze",,H12*20.5*16 cm,Ceramic,white glaze / blue glaze / light gray glaze,,,,,
B1,EV,Zanotta,Sella Stool,Stool & Bench,2030000,전시중,"Design Achille & Pier Giacomo Castiglioni, 1957

steel, black saddle of bicyle
Size : W33 x H71 x D33","Achille & Pier Giacomo Castiglioni, 1957",W33 x H71 x D33,,,,,https://www.zanotta.it/en-us/products/furnishing-accessories/sella,https://drive.google.com/drive/folders/1keA9lT6D101anmuljjNI2PmZpHv8j7e9?usp=drive_link,
1F,1F,CASSINA,"[60th Limited Edition]
LC-4",Product,13910000,전시중,"Designer : Le Corbusier, Pierre Jeanneret, Charlotte Perriand

Base : Green Gloss structure

Upholstery : Scozia Verde Foresta leather 13X337

Size : W560 x D1630 x H270 - 690

Made in Italy","Le Corbusier, Pierre Jeanneret, Charlotte Perriand",W560 x D1630 x H270 - 690,,,Italy,,,,
1F,1F,CASSINA,Deadline Mirror,Mirror,3410000,전시중,"Designer : Ron Gilad

Product : Reflections about spatialism

Frame : Natural ashwood frame

Size : W1000 x H1000

Made in Italy",Ron Gilad,W1000 x H1000,,,Italy,,https://inscale.co.kr/product/deadline-mirror/542/category/87/display/1/,,
1F,1F,CASSINA,Console Doron,Table,7670000,전시중,"Designer : Ron Gilad

Model : Console, left leg  

Structure-frame : Glossy lacquer Cream

Size : W166 x H77

Made in Italy",Ron Gilad,W166 x H77,,,Italy,,,,
1F,1F,CASSINA,Ruuna Pouf Ottomann,Stool & Bench,3540000,전시중,"Designer : Patricia Urquiola

Upholstery : Fabric L : 
Zafferano - Lincoln 13L574

Size : 50x42cm H47.5cm

Made in Italy",Patricia Urquiola,50x42cm H47.5cm,,,Italy,,,,
1F,1F,CASSINA,Bowy Low Table,Table,4480000,전시중,"Designer : Patricia Urquiola

Top : Glossy laquered

Frame : Lacquered aluminium sheet

Size : Ø450 x H470mm

Made in Italy",Patricia Urquiola,Ø450 x H470mm,,,Italy,,,,
1F,1F,CASSINA,LC2 Armchair,Sofa,10010000,전시중,"Designer : Le Corbusier, Pierre Jeanneret, Charlotte Perriand

Material : Polyester Padding

Upholstery : Luxor 13L034 - Blu notte (Fabric Grade L)

Frame : Taupe Painted Enamel

Size : W760 x D700 x H480 - 670

Made in Italy","Le Corbusier, Pierre Jeanneret, Charlotte Perriand",W760 x D700 x H480 - 670,Polyester Padding,,Italy,,https://inscale.co.kr/product/lc2-armchair/559/category/87/display/1/,,
1F,1F,CASSINA x KARAKTER,Triangle stool,Stool & Bench,2140000,전시중,"Designer : Afra and Tobias Scarpa

Material : Solid Natural Ash Wood

Size : W35 x H42

Made in Denmark",Afra and Tobias Scarpa,W35 x H42,Solid Natural Ash Wood,,Denmark,,,,
1F,1F,CASSINA,Ficupala,Product,3100000,전시중,"Designer : Cassina Studio

Diffuser : Pink brown glass

Body : Taupe grey glass

Base : Marquina marble

Size : W200 x H590",Cassina Studio,W200 x H590,,,,,https://inscale.co.kr/product/ficupala/482/category/87/display/1/,,
1F,1F,CASSINA,9 SIDE TABLE,Table,"Mat american walnut
₩3,470,000

Bianco Carrara marble 
₩ 3,170,000",전시중,"Design : Piero Lissoni

Size : Ø400*H440
Top & Base : Mat american walnut
Stem : Anthracite",Piero Lissoni,Ø400*H440,,,,,,,
1F,1F,CASSINA,Fluid joinery Side table (Amber),Table,5920000,전시중,"Designer : Linde Freya Tangelder

Material : Blown Glass

Color : Amber

Size : W540 x D480 x H390mm

Made in Italy",Linde Freya Tangelder,W540 x D480 x H390mm,Blown Glass,Amber,Italy,,https://inscale.co.kr/product/fluid-joinery-side-table-blue/762/category/87/display/1/,,
1F,1F,CASSINA,Fluid joinery Side table (Blue),Table,5920000,전시중,"Designer : Linde Freya Tangelder

Material : Blown Glass

Color : Blue

Size : W540 x D480 x H390mm

Made in Italy",Linde Freya Tangelder,W540 x D480 x H390mm,Blown Glass,Blue,Italy,,https://inscale.co.kr/product/fluid-joinery-side-table-blue/761/category/87/display/1/,,
1F,1F,FLOS,Bonjour Unplugged,Product,599000,전시중,"Designer : Philippe Starck

Material : ABS, Aluminum, PMMA

Color : Copper

Size : Ø130 x H270

Made in Italy",Philippe Starck,Ø130 x H270,"ABS, Aluminum, PMMA",Copper,Italy,,https://inscale.co.kr/product/bonjour-unplugged/300/category/91/display/1/,,
1F,1F,CASSINA,Dudet Bold,Product,23060000,전시중,"Designer : Patricia Urquiola

Material : Legs and seat in polyurethane foam

Upholstery : Minerale - Falkland 13F178

Size : 292x116xH69cm

Made in Italy",Patricia Urquiola,292x116xH69cm,Legs and seat in polyurethane foam,,Italy,,,,
1F,1F,CASSINA,"En forme libre
Low Table",Table,15580000,전시중,"Designer : Charlotte Perriand

Material : Glossy Lacquer, Midnight Blue

Size : W192 x H35 x D87

Made in Italy",Charlotte Perriand,W192 x H35 x D87,"Glossy Lacquer, Midnight Blue",,Italy,,,,
1F,1F,CASSINA,Mokoro,Product,7670000,전시중,"Designer : Cassina

Description : rug with pattern, hand-knotted in 100% wool

Color : fleece White, base Beige

Size : 250x350 cm

Made in Italy",Cassina,250x350 cm,,"fleece White, base Beige",Italy,,,,
1F,1F,CASSINA,Sahara - Midgrid,Product,7670000,DP SALE,"Designer : Cassina Studio

Color : Grey Blue(Carta da zucchero)

Material : Wool

Size : W3500 x D2500

Made in Italy

*쇼룸은 2개 DP",Cassina Studio,W3500 x D2500,Wool,Grey Blue(Carta da zucchero),Italy,,https://inscale.co.kr/product/sahara-midgrid/451/category/87/display/1/,,
1F,1F,CASSINA x KARAKTER,Scarpa 925 Lounge Chair,Chair,4290000,전시중,"Designer : Afra and Tobias Scarpa

Material : Ashwood, Saddle Leather - Naturale

Frame : Natural Ashwood

Size : 66 x 67 x H36-71cm

Made in Denmark",Afra and Tobias Scarpa,66 x 67 x H36-71cm,"Ashwood, Saddle Leather - Naturale",,Denmark,,,,
1F,1F,CASSINA x KARAKTER,SCARPA 121,Product,3260000,전시중,"Designer : Afra and Tobias Scarpa

Material : Ashwood Black Lacquered
Saddle Leather - Bordeaux

Size : W470 x D540 x H800mm (SH: 450)

Made in Denmark",Afra and Tobias Scarpa,W470 x D540 x H800mm (SH: 450),Ashwood Black Lacquered,,Denmark,,https://inscale.co.kr/product/scarpa-121/682/category/87/display/1/,,
1F,1F,CASSINA x KARAKTER,SCARPA 121,Product,3260000,전시중,"Designer : Afra and Tobias Scarpa

Material : American walnut
Saddle Leather - Blu

Size : W470 x D540 x H800mm (SH: 450)

Made in Denmark",Afra and Tobias Scarpa,W470 x D540 x H800mm (SH: 450),American walnut,,Denmark,,,,
1F,1F,CASSINA,Starburst,Product,9480000,전시중,"Designer : Cassina Studio

Diffuser : White marbled glass

Material : Linear chandelier, black structure

Size : W1200 x D600 x H500

Made in Italy",Cassina Studio,W1200 x D600 x H500,"Linear chandelier, black structure",,Italy,,https://inscale.co.kr/product/starburst/480/category/87/display/1/,,
1F,1F,CASSINA,"Treflo Oval table 
(Comfort)",Table,21140000,전시중,"Designer : Ronan Bouroullec

Base : Glossy lacquered

Top : Back-lacquered fluted glass

Color : Comfort (LP 332)

Size : W2400 x D1240 x H740mm

Made in Italy",Ronan Bouroullec,W2400 x D1240 x H740mm,,Comfort (LP 332),Italy,,https://inscale.co.kr/product/treflo-oval-table-comfort/763/category/87/display/1/,,
1F,1F,CASSINA,Sestiere,Living Acc,3200000,전시중,"Designer : Patricia Urquiola

Color : Topaz body & periwinkle cords 
with black

Material : Blown vase in colored 
Murano glass

Size : W230 x H370mm

Made in Italy",Patricia Urquiola,W230 x H370mm,Blown vase in colored,Topaz body & periwinkle cords,Italy,,https://inscale.co.kr/product/sestiere/487/category/118/display/1/,,
1F,1F,CASSINA,"FF.SPINE 
WALL-MOUNTED",Lighting,26630000,전시중,"Designer : Formafantasma 

Material : Natural Ashwood

Size : W2920 X D320 X H2050

Made in Italy

430 KW 01x4 6,160,000
430 M1 14x9 11,790,000
430 B1 37x12 6,840,000
430 B1 76x2 1,840,000
= 26,630,000",Formafantasma,W2920 X D320 X H2050,Natural Ashwood,,Italy,,,,
1F,1F,CASSINA,Petit bureau en forme libre,Product,19670000,전시중,"Designer : Charlotte Perriand

Material : Solid American Walnut

Size : W1660 x D780 x H730

Made in Italy",Charlotte Perriand,W1660 x D780 x H730,Solid American Walnut,,Italy,,https://inscale.co.kr/product/petit-bureau-en-forme-libre/479/category/87/display/1/,,
1F,1F,CASSINA,CAB 412,Product,4030000,전시중,"Designer : Mario Bellini

Material : Hand Shaded Saddle leather

Color : Cuoio Sfumato (Marron Glasce -139C3Z)

Size : W520 x D490 x H450 - 820

Made in Italy",Mario Bellini,W520 x D490 x H450 - 820,Hand Shaded Saddle leather,Cuoio Sfumato (Marron Glasce -139C3Z),Italy,,https://inscale.co.kr/product/cab-412/469/category/87/display/1/,,
1F,1F,CASSINA,Capitol Armchair,Chair,8660000,전시중,"Designer : Pierre Jeanneret

Upholstery : Leather X grade 13x201 Ambra

Frame : Oak Stained Black

Size : W690 x D760 x H370 - 740

Made in Italy",Pierre Jeanneret,W690 x D760 x H370 - 740,,,Italy,,https://inscale.co.kr/product/capitol-armchair/385/category/87/display/1/,,
1F,1F,CASSINA,9 TABLE,Table,5150000,전시중,"Design : Piero Lissoni 

Size : Ø700*H280 
Top : Coffee Colour Glass
Base : Black Marquina Marble
Tulip : Anthracite",Piero Lissoni,Ø700*H280,,Glass,,,,,
1F,1F,Vibia,"Wireflow Lineal
0325",Product,4060000,전시중,"Designed by Arik Levy
6 x LED
Shade: Polycarbonate diffuser
Body: Steel
Ceiling rose: Aluminum
Horizontal rods: Steel",ed by Arik Levy,,,,,,,,
1F,1F,NEMO,CLARITAS,Product,"₩1,930,000
DP 25% ₩1,440,000",DP SALE,"Design : Vico Magistretti

Size : 290*290*H1950
Bent metal tubes painted in black
 Parts of structure in chromed metal 
Aluminium diffuser painted in black and white inner part
Cable length 3,3m",Vico Magistretti,290*290*H1950,,,,,,,
1F,1F,CASSINA,"ZIGZAG
White",Product,4330000,전시중,"Designer : Gerrit T. Rietveld

Color : Ashwood Stained White

Size : W370 x D430 x H430 - 740

Made in Italy",Gerrit T. Rietveld,W370 x D430 x H430 - 740,,Ashwood Stained White,Italy,,https://inscale.co.kr/product/zigzag/473/category/87/display/1/,,
1F,1F,CASSINA,"ZIGZAG
Yellow",Product,4330000,전시중,"Designer : Gerrit T. Rietveld

Color : Ashwood Stained White

Size : W370 x D430 x H430 - 740

Made in Italy",Gerrit T. Rietveld,W370 x D430 x H430 - 740,,Ashwood Stained White,Italy,,https://inscale.co.kr/product/zigzag/472/category/87/display/1/,,
1F,1F,Karakter,Awkward Floor Lamp,Lighting,3740000,전시중,"Designer : Anatomy Design

Material : Steel and Aluminium

Size : H1910 x W1550(long arm) x W820(shot arm)

Made in Italy",Anatomy Design,H1910 x W1550(long arm) x W820(shot arm),Steel and Aluminium,,Italy,,,,
1F,1F,CAPPELLINI,Drop,Product,"2칸 DR_1 H70.5 \3,100,000

4칸 DR_1 H140.7 \5,000,000

5칸 DR_1 H173.5 \6,100,000",전시중,"Design : Nendo

Size : 54.6*32*(H)70.5(H)140.7(H)173.5
Thin sheet of laser-cut 
matt-lacquered metal",Nendo,54.6*32*(H)70.5(H)140.7(H)173.5,,,,,,,
1F,1F,CASSINA,Constantin,Product,6510000,전시중,"Design : Studio Simon

Size : Ø480 x H590
Top : Brass
Base : Solid wood base in oak, with waxed finish",Studio Simon,Ø480 x H590,,,,,,,
1F,1-2 계단,NEMO,CROWN MINOR 12 WHITE,Product,2750000,전시중,"Design : Jehs + Laub

SIZE : 770 x 670 x H500                             
Material : Aluminum , Glass
Color : White",Jehs + Laub,770 x 670 x H500,"Aluminum , Glass",White,,,,,
1F,1-2 계단,Ritzwell,JABARA Sideboard,Storage,13240000,전시중,"Designer : SHINSAKU MIYAMOTO
Body : Oak Frame Steel powder coated Black Base, Thick Leather Black Drawer, 2x shelf plate included
Size : W1200 x D430 x H810",SHINSAKU MIYAMOTO,W1200 x D430 x H810,,,,,https://inscale.co.kr/product/jabara-sideboard-oak/701/category/110/display/1/,,
1F,1-2 계단,ARTEMIDE,ONFALE TAVOLO,Product,"▪ S : ₩ 850,000

▪ M : ₩ 1,400,000 

▪ L : ₩ 1,880,000",전시중,"Designer : Luciano Vistosi

Material : Blown Glass

Color : White

Made in Italy 

S : Ø200*H260
M : Ø280*H345
 L : Ø360*H440",Luciano Vistosi,,Blown Glass,White,Italy,,,,
1F,1-2 계단,CASSINA,Deadline Mirror - Blue Deadline,Mirror,3410000,전시중,"Designer : Ron Gilad

Product : Blue Deadline

Frame : Natural ashwood frame

Size : W400 x H1700

Made in Italy",Ron Gilad,W400 x H1700,,,Italy,,https://inscale.co.kr/product/deadline-mirror/540/category/87/display/1/,,
2F,2F,CASSINA,ZIG-ZAG,Product,4330000,전시중,"Design : Gerrit T. Rietveld
 
 Color : Natural cherrywood
 Size : W370 x D430 x H430-740",Gerrit T. Rietveld,W370 x D430 x H430-740,,Natural cherrywood,,,,https://drive.google.com/drive/u/0/folders/1yHBmSg7aTbNT5s7xkoqAkJLAq3Y4AEKE,
2F,2F,Santa & Cole,C1 WALL rotating LED,Lighting,"\1,600,000

화이트 dp1, new 2
그래파이트 new 3",DP SALE,"Design : 
 
 Color : White
 Size : 250 x 300",Color : White,250 x 300,,White,,,,,
2F,2F,Flos,Tab,Product,"\622,000


Dark Green (New 1)",전시중,"Design : Edward Barber & 
Jay Osgerby , 2011

Size : 273*H327
Head rotation from ±90°
Dimmable
Material : Aluminum, PMMA
LED 2700K",Edward Barber &,273*H327,"Aluminum, PMMA",,,,,https://drive.google.com/drive/folders/17tlV8SeuCSp3RCNXnR00-XpYHYv2vI7u?usp=sharing,
2F,2F,CASSINA,Otero,Product,1350000,전시중,"Design : Studio Simon

Size : W190 x D50 x H1800",Studio Simon,W190 x D50 x H1800,,,,,,https://drive.google.com/drive/u/0/folders/1EmFluVhqGoLE5dQ6lULMcFk2GVS4AoNL,
2F,2F,CASSINA,"3 Fauteuil Grand Confort, Grand Modele 
I
3 Seater Sofa",Sofa,"₩33,010,000


Leather Cat, X
₩30,880,000",전시중,"Design : Le Corbusier, Pierre Jeanneret, 
 Charlotte Perriand

Color : Tabaco (Leather Cat.Y 13Y417)
Material : Feather padding  
or Eco polyester
Frame : Chrome or Enamel
        Size : W2370 x D730 x H410 - 630","Le Corbusier, Pierre Jeanneret,",W2370 x D730 x H410 - 630,Feather padding,Tabaco (Leather Cat.Y 13Y417),,,,https://drive.google.com/drive/folders/1kux_msGOtC-dOdaZ-RShBxgsEbmNpJyq?usp=drive_link,
2F,2F,CASSINA,"3 Fauteuil Grand Confort, Grand ModeleI
 Armchair",Chair,"₩13,200,000        

Leather Cat, X
₩12,380,000",전시중,"Design : Le Corbusier, Pierre Jeanneret, 
 Charlotte Perriand

Color : Black (Leather Cat.Y 13Y417)
Material : Feather padding  
or Eco polyester
Frame : Chrome or Enamel
        Size : W2370 x D730 x H410 - 630","Le Corbusier, Pierre Jeanneret,",W2370 x D730 x H410 - 630,Feather padding,Black (Leather Cat.Y 13Y417),,,,,
2F,2F,CASSINA,"3 Fauteuil Grand Confort, Grand ModeleI
 Armchair",Chair,"₩13,200,000        

Leather Cat, X
₩12,380,000",전시중,"Design : Le Corbusier, Pierre Jeanneret, 
 Charlotte Perriand

Color : Black (Leather Cat.Y 13Y253)
Material : Feather padding  
or Eco polyester
Frame : Chrome or Enamel
        Size : W990 x D730 x H410 - 630","Le Corbusier, Pierre Jeanneret,",W990 x D730 x H410 - 630,Feather padding,Black (Leather Cat.Y 13Y253),,,,https://drive.google.com/drive/folders/1kFBBCR6qoIubqDEgaZD59mWCsdGJsHcH?usp=drive_link,
2F,2F,CASSINA,LC2 Armchair,Sofa,8930000,전시중,"Designer : Le Corbusier, Pierre Jeanneret, Charlotte Perriand

Material : Polyester Padding
Upholstery : Blu notte (Fabric Grade L)
Frame : Mud Painted Enamel
Size : W760 x D700 x H480 - 670","Le Corbusier, Pierre Jeanneret, Charlotte Perriand",W760 x D700 x H480 - 670,Polyester Padding,,,,,,
2F,2F,Martilleli Luce,PIPISTRELLO,Product,"Large    ₩3,700,000
DP 1 

Small     ₩1,500,000
Medium ₩2,610,000",DP SALE,"Design : Gae Aulenti

 SIZE : Ø550*H660-860             
Glossy Black / Metal / Methacrylate

높이 조절 가능",Gae Aulenti,Ø550*H660-860,,,,,,https://martinelliluce.it/en/catalog/pipistrello,
2F,2F,CASSINA,"MODULAR
IMAGINATION",Product,3370000,전시중,"Design : Virgil Abloh

Size : W450*D450*H450
Structure : Recycled wood
Material : Padding",Virgil Abloh,W450*D450*H450,Padding,,,,,,"고무와 비슷한 성분의 
유기농 패딩을 사용하여 
몸에 나쁜 성분이
아니라고 안내"
2F,2F,CASSINA,"TABOURET 
MERIBEL

TABOURET
BERGER",Product,"MERIBEL ₩1,890,000
(American Walnut ₩1,960,000)
BERGER  ₩1,530,000
(American Walnut ₩1,600,000",전시중,"Design : Charlotte Perriand

Oak Stained Black
Ø33*H38.4  - Meribel
Ø33*H26.7 - Berger

*Natural Oak와 Oak Black 가격 동일",Charlotte Perriand,,,,,,,https://www.cassina.com/ww/en/products/tabouret-meribel.html#523-tabouret-meribel-2,
2F,2F,CASSINA,Reaction Poetique,Product,2540000,전시중,"Designer : Jamie Hayon

Color : Ashwood stained black
Material : Solid ash
Size : Ø400 x H560",Jamie Hayon,Ø400 x H560,Solid ash,Ashwood stained black,,,,,
2F,2F,CASSINA,9 TABLE,Table,3170000,전시중,"Designer : Piero Lissoni

Top & Base : Bianco Carrara Marble White
Support : Anthracite
Stem : Matt laquered grey anthracite.
Size : Ø400 x H440",Piero Lissoni,Ø400 x H440,,,,,,,
2F,2F,CASSINA,"KANGAROO 
LOUNGE",Chair,"₩8,490,000

Oak / Oak Black /
Dark walnut
₩5,330,000",전시중,"Design : HOMMAGE À PIERRE JEANNERET

 Size : 580*760*H340-610
Frame in solid teak 
Woven Viennese cane",HOMMAGE À PIERRE JEANNERET,580*760*H340-610,,,,,,https://www.cassina.com/ww/en/products/kangaroo.html#058-kangaroo_55815,
2F,2F,CASSINA,"10 Table en tube basse 
(Grand Modele)",Table,"W1400 x D1400 x H330
₩8,420,000

W700 x D700 x 33
₩4,730,000

W1200 x D800 x 33
₩5,890,000",전시중,"Design : Le Corbusier, Pierre Jeanneret,
Charlotte Perriand

Top : Clear Glass
Frame : Taupe Enamel
Legs : Chrome
Size : W1400 x D1400 x H330","Le Corbusier, Pierre Jeanneret,",W1400 x D1400 x H330,,,,,,https://drive.google.com/drive/folders/1RvxgTc0WZWPwM8BXCGQ4fb2AaRo0S8qv?usp=drive_link,
2F,2F,CASSINA,Colourdisc,Living Acc,"₩5,140,000

/ optional internal vase
 + ₩560,000

Total ₩5,700,000",전시중,"Design : Bethan Laura Wood
        
medium : Ø200 x H330  
 low : Ø300 x H240
Material : Vase - painted brass
 Glass - Colored Murano",Bethan Laura Wood,,Vase - painted brass,ed Murano,,,,https://drive.google.com/drive/u/0/folders/1dOMYnt32u6THJUmlYKInQdHxyCzG7tGt,
2F,2F,CASSINA,"Sahara - Grid

(Code : 084 M3 01)",Living Acc,"₩8,030,000

W3000 x D2000
₩5,540,000

Other color 
₩7,170,000",전시중,"Size : W3500 x D2500
Color : Grigio Ghiaccio ( Ice Grey)
Material : Wool

*쇼룸은 1개 깔았음",,W3500 x D2500,Wool,Grigio Ghiaccio ( Ice Grey),,,,https://drive.google.com/drive/u/0/folders/1XyxkgJ0GWvt9zmBHlcyD4afWe8dfan5A,
2F,2F,CASSINA,Deadline,Product,3410000,전시중,"Design : Ron Gilad

Size : W1000 x D50 x H1000
Material : Black stained ashwood frame / 
Reflections about spatialism",Ron Gilad,W1000 x D50 x H1000,Black stained ashwood frame /,,,,,https://drive.google.com/drive/folders/1CU-ylZJI-4s9kYtWAdAt3ON5-YAJ3NzA?usp=drive_link,
2F,2F,CASSINA,Deadline,Product,2360000,전시중,"Design : Ron Gilad

Size : W500*H700                                             
Material : Natural ashwood frame
Product :  2apssing cross",Ron Gilad,W500*H700,Natural ashwood frame,,,,,,
2F,2F,CASSINA,Ficupala,Product,5570000,전시중,"Design Cassina

Size : Ø280 x H1380
Base : Marquina marble 
Top : Tortora 
Body : Pink Glass",Cassina,Ø280 x H1380,,,,,,https://www.cassina.com/ww/en/products/ficupala-lampada-da-tavolo.html#089-ficupala-lampada-da-tavolo_266259,
2F,2F,CASSINA,Cornaro - 2 seater,Product,26810000,전시중,"Design : Carlo Scarpa

Size : W2200*D970*H400-660
Frame : Glossy Laquered - Crema
Upholstery : Fabric Cat. L 13L012",Carlo Scarpa,W2200*D970*H400-660,,,,,,https://www.cassina.com/ww/en/products/cornaro-armchair.html?cas_rivestimento=L-L466#w08-cornaro-armchair_274509,
2F,2F,CASSINA,Cornaro Arm Chair,Chair,12560000,전시중,"Design : Carlo Scarpa

Size : W1150*D890*H400-660
Frame : Glossy Laquered – Pinot Noir
Upholstery : Fabric Cat. L 13L015",Carlo Scarpa,W1150*D890*H400-660,,,,,,https://www.cassina.com/ww/en/products/cornaro-armchair.html?cas_rivestimento=E-E436#w08-cornaro-armchair_274539,
2F,2F,CASSINA,Cornaro Arm Chair,Chair,13520000,전시중,"Design : Carlo Scarpa

Size : W1150*D890*H400-660
Frame : Glossy Laquered - Crema
Upholstery : Fabric Cat. L 13L466",Carlo Scarpa,W1150*D890*H400-660,,,,,,https://www.cassina.com/ww/en/products/cornaro-armchair.html?cas_rivestimento=E-E436#w08-cornaro-armchair_274539,
2F,2F,CASSINA,Mex low table,Table,7130000,전시중,"Design : Piero Lissoni

Size : W1090*D1090*H260
Top : Clear Tempered Glass
Base : Black Back-Lacquered Glass",Piero Lissoni,W1090*D1090*H260,,,,,,https://www.cassina.com/gb/en/products/mex.html?#269-mex_269577,
2F,2F,CASSINA,LC14,Product,1950000,전시중,"Design : Le Corbusier

Size : W330*D430*H250
Color : Oak
Material : Stained natural colour",Le Corbusier,W330*D430*H250,Stained natural colour,Oak,,,,,
2F,2F,CASSINA,Constantin,Product,6510000,전시중,"Design : Studio Simon

Size : Ø480 x H590
Top : Brass
Base : Solid wood base in oak, with waxed finish",Studio Simon,Ø480 x H590,,,,,,https://drive.google.com/drive/folders/1CAue8PyyqLaeG9rwLKjwy41AZvu9KDAA?usp=drive_link,
2F,2F,CASSINA,Sestiere,Product,"01 ₩3,200,000
11 ₩2,820,000",전시중,"Design : Patricia Urquiola

Code : 573 01, 573 11

573 01 : Ø230 x H370 (Sea Teal/Carrot Red)
11: Ø270 x H260 (Amethyst/Lemon Yellow)",Patricia Urquiola,,,,,,,https://www.cassina.com/ww/en/products/sestiere.html#573-sestiere_151945,
2F,2F,CASSINA,Nuvola Rossa,Product,11140000,전시중,"Design : Vico Magistretti

Size : W1000 x D395 x H1920
Material : American Walnut",Vico Magistretti,W1000 x D395 x H1920,American Walnut,,,,,https://drive.google.com/drive/folders/1CMSJyqv_QmO6c-Yh-IuFz_Vf_PRaE4C4?usp=drive_link,
2F,2F,CASSINA,ATACAMA 3,Product,"300 x 200cm
₩8,420,000

350 x 250cm
₩12,240,000",전시중,"Color : Carta da zucchero
Size : W2000 x D3000
Material : Wool",,W2000 x D3000,Wool,Carta da zucchero,,,,https://drive.google.com/drive/folders/1vL5o47fOp3O53Q3Lkd9RG5P9eYDTkUG3?usp=drive_link,
2F,2F,CASSINA,Bollicosa Small Pendant,Lighting,2720000,전시중,"Size : W300*H500
Shade : Green and lilac shiny filigree glass
Frame : Black liquid-painted metal",,W300*H500,,,,,,https://www.cassina.com/ww/en/products/bollicosa-small.html#089-bollicosa-small_158513,
2F,2F,CASSINA,Capitol Complex Table,Table,"W2700 x D1100
₩15,710,000

W2700 x D1300
₩18,340,000",전시중,"Design : Pierre Jeanneret

Size : W2700 x D1100 x H720
Top : Float Glass
Base : Solid Wood Oak Stained Black",Pierre Jeanneret,W2700 x D1100 x H720,,,,,,https://drive.google.com/drive/folders/150BEaxtWA78CpBN6qUyZ4odn5Zke9oiT?usp=drive_link,
2F,2F,CASSINA,Capitol Complex Office Chair,Chair,"₩4,860,000
Cushion - ₩760,000

-> ₩5,620,000 (쿠션포함)",전시중,"Design : Pierre Jeanneret

Size : W510 x D580 x H43-81
Color : Oak stained black
Seat & Back : Vienna straw
Frame : Solid Wood

* Square Cushion With Band - W450 x D450
(Fabric Cat.O - 13O041)",Pierre Jeanneret,W510 x D580 x H43-81,,Oak stained black,,,,https://drive.google.com/drive/folders/1ipukQkNScx-x9Yj31wbKok8cme5Yv03I?usp=drive_link,
2F,2F,CASSINA,Capitol Complex Chair,Chair,"₩3,570,000
Cushion - ₩760,000

-> ₩4,330,000 (쿠션포함)",전시중,"Design : Pierre Jeanneret

Size : W450 x D570 x H41-81
Color : Oak stained black
Seat & Back : Vienna straw
Frame : Solid Wood

* Square Cushion With Band. - W450 x D430
(Fabric Cat.O - 13O041)",Pierre Jeanneret,W450 x D570 x H41-81,,Oak stained black,,,,https://drive.google.com/drive/folders/1ipukQkNScx-x9Yj31wbKok8cme5Yv03I?usp=drive_link,
2F,2F,CASSINA,SAHARA - oval rug,Product,"₩13,080,000



Ø 300 - ₩7,140,000
Ø 350 - ₩9,720,000",전시중,"Size : W450 x D300
Color : Grigio argilla
Code :084 M5 50",,W450 x D300,,Grigio argilla,,,,https://drive.google.com/drive/folders/1XyxkgJ0GWvt9zmBHlcyD4afWe8dfan5A?usp=drive_link,
2F,2-3 계단,CASSINA,ZIG-ZAG,Product,3860000,전시중,"Design : Gerrit T. Rietveld
 
 Color : White 
 Size : W370 x D430 x H430-740",Gerrit T. Rietveld,W370 x D430 x H430-740,,White,,,https://drive.google.com/drive/u/0/folders/1yHBmSg7aTbNT5s7xkoqAkJLAq3Y4AEKE,,
2F,2-3 계단,Flos,"Bellhop Floor

F1070039",Lighting,"brick red, green, cioko : ₩1,650,000

(white : 단종)

디피1 재고1",DP SALE,"Design : Edward Barber & Jay Osgerby

Size :  Ø125-260*H1780
white glass
 Painted aluminium
Green",Edward Barber & Jay Osgerby,Ø125-260*H1780,,,,,,https://drive.google.com/drive/folders/1-_k3jjecZt0NLAKCZRc_RuRTVJwAfJ4N?usp=sharing,
2F,2-3 계단,Cassina,Les Grands Trans-Parents,Product,"\3,340,000",전시중,"Design : Man Ray

Les Grands Transparents

Size :  W910 x D40 x H1810",Man Ray,W910 x D40 x H1810,,,,,https://www.cassina.com/ww/en/products/les-grands-trans-parents.html,https://drive.google.com/drive/folders/1gKXYxuyqI3cBY7W_kgcEW5ygU42BlRmY?usp=sharing,
3F,3F,Flos,"Captain Flint
F1530059",Lighting,"black, brass : ₩2,920,000",전시중,"Design : Michael Anastassiades

Size : Ø210 x H1537
Brushed brass / White marble",Michael Anastassiades,Ø210 x H1537,,,,,,https://drive.google.com/drive/u/0/folders/1hHVaSFT0TvZUqUEmGnbvmtqC-J5zZyee,
3F,3F,POLTRONA FRAU,LET IT BE,Sofa,22370000,전시중,"Designer : Ludovica Serafini + Roberto Palomba

Size : W2510 x D1040 x H400-700
       Seat&Cushions : Leather Cat. SC 32 Caolino / Standard version
Base : Leather  Cat. Saddle Caffe / Ruthenium Finish    
 * Cushion   65*65   1,380,000  -> 쿠션 포함 23,750,000",Ludovica Serafini + Roberto Palomba,W2510 x D1040 x H400-700,,,,,https://www.poltronafrau.com/ww/en/products/let-it-be-sofa.html?_gl=1*blcptx*_up*MQ..*_ga*MTY1NzU4ODc2MC4xNzI4MDA0NDc5*_ga_YGJJL14S4G*MTcyODAwNDQ3OC4xLjAuMTcyODAwNDQ3OC4wLjAuMA..,,Cushion
3F,3F,POLTRONA FRAU,LET IT BE,Sofa,21230000,전시중,"Designer : Ludovica Serafini + Roberto Palomba

Size : W1690 x D1040 x H400-700     
Seat&Cushions : Leather Cat. SC 32 Caolino / Standard version         
Base : Leather  Cat. Saddle Caffe / Ruthenium Finish                                     
       * Cushion   65*65  1,380,000",Ludovica Serafini + Roberto Palomba,W1690 x D1040 x H400-700,,,,,https://www.poltronafrau.com/ww/en/products/let-it-be-sofa.html?_gl=1*blcptx*_up*MQ..*_ga*MTY1NzU4ODc2MC4xNzI4MDA0NDc5*_ga_YGJJL14S4G*MTcyODAwNDQ3OC4xLjAuMTcyODAwNDQ3OC4wLjAuMA..,,Cushion
3F,3F,POLTRONA FRAU,LET IT BE,Sofa,1530000,전시중,"Designer : Ludovica Serafini + Roberto Palomba

Size : W500 x D170 x H690       
Base : Leather  Cat. SC 32 Caolino",Ludovica Serafini + Roberto Palomba,W500 x D170 x H690,,,,,https://www.poltronafrau.com/ww/en/products/let-it-be-sofa.html?_gl=1*blcptx*_up*MQ..*_ga*MTY1NzU4ODc2MC4xNzI4MDA0NDc5*_ga_YGJJL14S4G*MTcyODAwNDQ3OC4xLjAuMTcyODAwNDQ3OC4wLjAuMA..,,"고객님께 서포트없이 
쿠션에만 앉게끔 권해주세요"
3F,3F,Vibia,wireflow 0301,Product,5110000,전시중,"Design : Arik Levy

89cm(팔각)
8 x LED",Arik Levy,,,,,,,,
3F,3F,POLTRONA FRAU,DUO LOW TABLE,Table,7400000,전시중,"Design : Roberto Lazzeroni

Sise : Ø800*H360  
Top :   Coloured Glass  Celadon
Base : Wengè Ash",Roberto Lazzeroni,Ø800*H360,,ed Glass Celadon,,,https://www.poltronafrau.com/gb/en/products/duo-low-table.html?srsltid=AfmBOorIJac_XsogbB-V1IGiZQw0iToZzAkMXXvtAXiaW8ePJCHtiv5q,,
3F,3F,POLTRONA FRAU,DUO LOW TABLE,Table,6050000,전시중,"Design : Roberto Lazzeroni

Sise : Ø570*H500  
Top :   Coloured Glass  Rosso Cina
Base : Wengè Ash",Roberto Lazzeroni,Ø570*H500,,ed Glass Rosso Cina,,,https://www.poltronafrau.com/gb/en/products/duo-low-table.html?srsltid=AfmBOorIJac_XsogbB-V1IGiZQw0iToZzAkMXXvtAXiaW8ePJCHtiv5q,,
3F,3F,POLTRONA FRAU,DUO BENCH,Stool & Bench,4750000,전시중,"Design : Roberto Lazzeroni 

Size: W490*D390*H460
Upholstery :  Leather Velvety
Frame :  Wengè Ash",Roberto Lazzeroni,W490*D390*H460,,,,,,,
3F,3F,POLTRONA FRAU,BOB COFFEE TABLE,Table,2950000,전시중,"Design : Roberto Lazzeroni

Size : Ø450*H520
Top : Canaletto Walnut
Base: Stained Burnished",Roberto Lazzeroni,Ø450*H520,,,,,,https://www.poltronafrau.com/ww/en/products/bob-coffee-table.html?srsltid=AfmBOooiF7DQTEOJng70GBp-6O7rHWd6wcwrRz2TRqorWfgjL-9GtdPV#536463_150486,
3F,3F,POLTRONA FRAU,DUO ROUANGE CHAIR,Chair,5830000,전시중,"Design : Roberto Lazzeroni

SIZE: W780*D770*H440-700
Frame :  Wengè Ash Wood 
Upholstery : Fabric Cat. B Ziggy Red Onion",Roberto Lazzeroni,W780*D770*H440-700,,,,,,,
3F,3F,MARSET,GINGER,Product,1050000,전시중,"Design : Joan Gaspar 

Size : Ø195*H300
Material : Natural Oak, Aluminium metal stem, Brass",Joan Gaspar,Ø195*H300,"Natural Oak, Aluminium metal stem, Brass",,,,,,
3F,3F,JAB,Poetry,Product,1982000,전시중,"Size 2.5 x 3.5m
3729/092",,2.5 x 3.5m,,,,,,,
3F,3F,POLTRONA FRAU,DUO BOOKCASE,Storage,20330000,전시중,"Design : Roberto Lazzeroni

Size : W1600*D450*H1600
Frame : Wengè Ash Wood
Shelf Glass : Grigio",Roberto Lazzeroni,W1600*D450*H1600,,,,,,,
3F,3F,Flos,Copycat,Product,"24 karat gold  

₩1,279,000

외의 컬러 단종",전시중,"Design : Michael Anastassiades

Size : 300 x H298.5
Aluminum, Blown glass
Polished aluminum, black nickel, 
Copper, 24K gold 도금

Color : 24 KARAT GOLD, COPPER, BLACK NICKLE, ALUMINUM",Michael Anastassiades,300 x H298.5,,"24 KARAT GOLD, COPPER, BLACK NICKLE, ALUMINUM",,,,,
3F,3F,POLTRONA FRAU,MING’S HEART,Product,8880000,전시중,"Design : Shi-Chieh Lu

SIZE : W650 x D600 x H420-730  
Leather Cat. Saddle Extra. Carbone / Gunmetal grey",Shi-Chieh Lu,W650 x D600 x H420-730,,,,,,,
3F,3F,FLOS,LUMINATOR,Product,"anthracite, red, yellow, white,
 lite blue : ₩1,378,000
(Lamp 포함가 lamp :  ₩100,000)",전시중,"Design : ACHILLE & PIER GIACOMO CASTIGLIONI

Size :  600*H1890
1 x LED 12W E27
Aluminium, polycarbonate
White",ACHILLE & PIER GIACOMO CASTIGLIONI,600*H1890,,,,,https://drive.google.com/drive/folders/15buIXyrOtaYYY7AfJm0acZa1gJch9FF7?usp=sharing,,
3F,3F,POLTRONA FRAU,HOMEY,Product,"(인상) ₩17,740,000 W2200
(현) ₩14,600,000 
(인상) ₩20,450,000 W2500
(현) ₩16,840,000",전시중,"Design : Gamfratesi

Size : W2200*D950*H730
          W2500*D1100*H730
Top : Ash Moka Stained
Base : Burnished Aluminum",Gamfratesi,W2200*D950*H730,,,,,https://www.poltronafrau.com/ww/en/products/homey-table.html?srsltid=AfmBOornCpCu31KBr_C_1TRPD5pvwl_pwh1EOTMTt4GjToBb6-EFJnfL#56816_188418,,
3F,3F,POLTRONA FRAU,ISADORA,Product,"(인상) ₩4,900,000
(현) ₩4,040,000",전시중,"Design : Roberto Lasseroni 

Size: W490*D570*H470-810
Upholstery : Saddle Extra Leather-Cammello
Frame :  Burnished Alumium",Roberto Lasseroni,W490*D570*H470-810,,,,,https://www.poltronafrau.com/gb/en/products/isadora-chair.html?srsltid=AfmBOoqIMXZJSGW-f2ehk3DIVDMZIc7JsMUA0V-7RdrcSutfrrcMJvhx&pf_rivestimento=0000007000-0000001510#562800_155759,,
3F,3F,POLTRONA FRAU,NICE,Product,"(인상) ₩3,940,000 
(현) ₩3,270,000",전시중,"Design : GamFratesi 

Size: W530*D570*H500-830
Upholstery : Leahter SC 34 Maggese
Frame :  Burnished Alumium",GamFratesi,W530*D570*H500-830,,,,,https://www.poltronafrau.com/ww/en/products/nice-small-armchair.html?pf_rivestimento_1_esterno=0000008160-0000028720&pf_rivestimento_2_interno=0000008160-0000028720#5680001_204111-1-1,,
3F,3F,POLTRONA FRAU,NICE,Product,"(인상) ₩3,570,000 
(현) ₩3,180,000",전시중,"Design : GamFratesi 

Size: W530*D570*H500-830
Upholstery : Fabric Cat. B Loop 02 Corda
Frame :  Burnished Alumium",GamFratesi,W530*D570*H500-830,,,,,https://www.poltronafrau.com/ww/en/products/nice-small-armchair.html?pf_rivestimento_1_esterno=0000008160-0000028720&pf_rivestimento_2_interno=0000008160-0000028720#5680001_204111-1-1,,
3F,3F,Santa & Cole,Lamina 165,Product,"Lamina 165 
₩3,710,000

Lamina 85
1모듈\2,970,000",전시중,"Size  : W1798 x H370-3000 (mm)

Structure - Black rectangular metal
Diffuser - Matte finish Polycarbonate",,W1798 x H370-3000 (mm),,,,,https://www.santacole.com/en/product/pendant-lamps/lamina-165-647/,https://drive.google.com/drive/u/0/folders/1eNZciDSFCt4pWqFVoZFwNuVqGGJcbVr8,
3F,3F,Ritzwell,JABARA,Storage,10650000,전시중,"Design : SHINSAKU MIYAMOTO

JBA 2111
 Size : 900*430*H810 
Body Walnut TL-BK 
 Steel powder coated Black Base 
 Thick Leather Black Drawer 
 2x shelf plate included - 1개 230,000",SHINSAKU MIYAMOTO,900*430*H810,,,,,,,
3F,3F,Vibia,"Flat Floor
5955",Lighting,"₩1,600,000
DP 1 / 재고 1

Table \1,150,000",DP SALE,"Design : Ichiro Iwasaki

Size : Ø100*D460*H1000
Material : Steel, Aluminum, Polycarbonate mmmm
Upholstery : Leather Cat. Saddle Extra. Carbone",Ichiro Iwasaki,Ø100*D460*H1000,"Steel, Aluminum, Polycarbonate mmmm",,,,https://vibia.com/en/int/floor-lamps-flat-floor#5955,,
3F,3F,Artemide,"Alfa 

0026010A",Product,"₩2,000,000

재고1",전시중,"Design : Sergio Mazza

Size : Ø300*H480
Material : Glass, Steel, Marble
HALO / LED
Socket : E14
2800K",Sergio Mazza,Ø300*H480,"Glass, Steel, Marble",,,,https://www.artemide.com/en/subfamily/31923/alfa,,
3F,3F,Vibia,Stick,Product,"₩2,670,000 (각도 75도)
*3층 디피

₩3,400,000 (각도 90도)",DP SALE,"Design : Arik Levy

Size : 2m*h1.5m / 
Black",Arik Levy,2m*h1.5m /,,,,,,https://drive.google.com/drive/folders/1E5hzagySLDXRVtMD4WVrcIIdwh-sjf3d?usp=sharing,
3F,3F,Vitra,"Physix Studio Five Star Base
 w/castors",Lighting,"₩1,680,000 (3층)
Silver 2
Black 1
Reed 1

Physix ₩1,670,000
Soft grey 2",전시중,"Design : Alberto Meda

Size :  635*800*SH390/510-H880/1000
Cover Material : TrioKnit
Cover Color : Silver  (단종)
Frame & Mechanism Color : Soft Grey
  Castors Soft, unbraked for hard floor",Alberto Meda,635*800*SH390/510-H880/1000,TrioKnit,Silver (단종),,,,,
3F,3F,HERMAN MILLER,Aeron Chair - (Graphite),Chair,2120000,전시중,"B size / SIZE: 690*430*H520/1040

Textiles : Suspension seat and back
Finishes : Frame, arms and base",,/ SIZE: 690*430*H520/1040,,,,,,,
3F,3F,Zanotta,Mezzadro Stool,Stool & Bench,1630000,전시중,"Design Achille & Pier Giacomo Castiglioni, 1957

Steel, wood
Size :  W49 x D51 x H51","Achille & Pier Giacomo Castiglioni, 1957",W49 x D51 x H51,,,,,https://www.zanotta.it/en-us/products/furnishing-accessories/mezzadro,,
3F,3F,Carl Hansen & Son,CH24,Product,"\1,630,000

* 2025년 6월까지 추가 3%할인
Oak, Oil   \1,680,000

Beech, Oil   \970,000

Walnut, Oil   \2,540,000

Beech, IC Colors   \1,010,000",전시중,"Design : Hans J. Wegner

Size : W520*D490*H450-820
Ancient Oak / Natural Cord (Limited, 단종)",Hans J. Wegner,W520*D490*H450-820,,,,,https://www.carlhansen.com/en/collection/chairs/ch24/ch24-teak-oil-fsc70-natural-cord/variant/9947,https://drive.google.com/drive/folders/1xcpRAT22eHrBi73taxYZjKpv5s5pfr_Q?usp=share_link,
3F,3F,"CARL HANSEN & 
SON",CH24,Product,"\1,630,000

* 2025년 6월까지 추가 3%할인
Oak, Oil   \1,680,000

Beech, Oil   \970,000

Walnut, Oil   \2,540,000

Beech, IC Colors   \1,010,000",전시중,"Design : Hans J. Wegner

Size : W520*D490*H450-820
Ancient Oak / Natural Cord (Limited, 단종)",Hans J. Wegner,W520*D490*H450-820,,,,,https://www.carlhansen.com/en/collection/chairs/ch24/ch24-teak-oil-fsc70-natural-cord/variant/9947,https://drive.google.com/drive/u/0/folders/1xcpRAT22eHrBi73taxYZjKpv5s5pfr_Q,
3F,3F,Flos,IC Light S1 S2,Lighting,"S1 chrome, brass, black 
: ₩918,000
S2 chrome, brass, black 
: ₩1,205,000
New 1
Lamp 포함가
 s1 : ₩80,000 s2 : ₩120,000",전시중,"Design : Michael Anastassiades

S1 : 0Ø200 H47
Color : Brass

S2  : Ø300 H702
Color : Brass

Color : Brass, Chrome, Black",Michael Anastassiades,,,Brass,,,,,
3F,3F,Flos,IC T2,Product,"₩1,226,000
RED BURGUNDY 단종
램프 온라인 주문",전시중,"Design : Michael Anastassiades

Size : Ø300*H350

Color : Brass, Chrome, Black",Michael Anastassiades,Ø300*H350,,"Brass, Chrome, Black",,,,,
3F,3F,Flos,"IC Lights Table
- T1 High",Table,"₩1,014,000
RED BURGUNDY 단종 

₩1,014,000
재고 2
(Lamp 포함가 Lamp : ₩80,000)",전시중,"Design : Michael Anastassiades

Size : Ø200 x H530

Brass finish
Color : BRASS, CHROME, BLACK",Michael Anastassiades,Ø200 x H530,,"BRASS, CHROME, BLACK",,,https://usa.flos.com/modern-table-lamps/IC-Lights-Table,,
3F,3F,Flos,Superloon,Product,"white, black : ₩8,002,000

(chrome : ₩8,177,000)",전시중,"Design : JASPER MORRISON

Ø723-754*H1972
Painted or chrome-plated aluminium 
Black
Silk screened
PMMA diffuser",JASPER MORRISON,,,,,,https://drive.google.com/drive/folders/1PGBP1TFETQR6Vafeagbk_28Wt9Owx5a6?usp=sharing,,
3F,3-4 계단,CAPPELLINI,Drop,Product,"2칸 DR_1 H70.5 \3,100,000

4칸 DR_1  H140.7 \5,000,000

5칸 DR_1  H173.5 \6,100,000",전시중,"Design :  Nendo

Size : 54.6*32*(H)70.5(H)140.7(H)173.5
Thin sheet of laser-cut 
matt-lacquered metal",Nendo,54.6*32*(H)70.5(H)140.7(H)173.5,,,,,,,
4F,4F,Santa & Cole,Babel,Product,"2190000
(품절)",전시중,"Design : Àngel Jové

Size : Ø300*H405

Material : Alabaster",Àngel Jové,Ø300*H405,Alabaster,,,,https://www.santacole.com/en/product/table-lamps/babel-babta01/#adaptacionestab,https://drive.google.com/drive/folders/11PFxfKIgD-tCecYbXVyzDKyg6vXNhDBg?usp=sharing,
4F,4F,Knoll,Girard Coffee Table,Table,"₩3,070,000 
DP 35% ₩1,995,500
(스크래치 상품)",DP SALE,"Design : Alexander Girard 

Size : W1500*D660*H410
Top : Ebonised oak                                            
Base : Black",Alexander Girard,W1500*D660*H410,,,,,,,
4F,4F,KNOLL,WASSILY CHAIR,Chair,"₩5,770,000

현재 가격 ₩4,960,000",DP SALE,"Design : Marcel Breuer

Size : W790*D690*H420-730
Chrome Frame/Cowhide
Belting Leather는 23가지 colors",Marcel Breuer,W790*D690*H420-730,,s,,,https://drive.google.com/drive/folders/1-vQI63MOCAUNP1fVUEKU6Pxl7e9UeOCX?usp=sharing,,
4F,4F,KNOLL,"BARCELONA 
LOUNGE CHAIR",Chair,"LEATHER Cat. Y 
₩17,930,000
₩15,600,000

일반 Venezia 
₩14,420,000
₩12,480,000

STOOL
₩7,270,000
₩6,240,000",전시중,"Design : Mies van der Lohe

750 x 770 x H430-770
LEATHER Cat. Y Black
CHROME BASE 
Cushions are variable density foam covered with polyester fiberfills to enhance comfort and upholstered with top quality leather.
쿠션은 편안함을 강화하기 위해 폴리에스테르 섬유 충전재로 덮인 다양한 밀도의 폼이며 최상급 가죽으로 덮개를 덮었습니다.",Mies van der Lohe,,,,,,https://drive.google.com/drive/folders/1-y0kPOWXC6b68fuGZgGzte0MWzVC0gnv?usp=sharing,,
4F,4F,KNOLL,"BARCELONA 
STOOL",Chair,"LEATHER Cat. Y 
₩8,840,000

Venezia 
₩7,270,000

현재가격
LEATHER Cat. Y 
₩7,680,000

Venezia 
₩6,240,000",DP SALE,"Design : Mies van der Lohe

Size : 590*595*H390

Leather Y. Velluto Pelle Black
Chrome Base",Mies van der Lohe,590*595*H390,,,,,https://www.knoll.com/product/barcelona-stool,https://www.knoll-int.com/home/by-designer/classic-designers/ludwig-mies-van-der-rohe/barcelona-stool,
4F,4F,KNOLL,Florence Knoll Low Table,Table,"₩8,560,000

현재 가격
₩7,440,000",DP SALE,"Design : Florence Knoll

1200 x 1200 x H350
(MA) Arabescato Marble Top Glossy
Chrome Base",Florence Knoll,,,,,,https://drive.google.com/drive/folders/1cyOFMA8hm-L62N4MuPqRzXqHj4Ax-hu8?usp=sharing,,
4F,4F,Artemide,TOLOMEO MEGA,Lighting,"₩2,220,000

현재 가격
₩1,930,000",DP SALE,"Design : Michele De Lucchi, 
Giancarlo Fassina 

Size : Ø360*H238         
Material : Black Diffuser Satin 360","Michele De Lucchi,",Ø360*H238,Black Diffuser Satin 360,,,,https://www.artemide.com/en/subfamily/1836545/tolomeo-mega-floor,,DP1
4F,4F,KNOLL,Matic Credenza (on Feet),Product,"₩15,190,000

현재가격
₩13,040,000",DP SALE,"Design : Piero Lissoni
Size : W1800 x D650 x H405
Surface : Steel Panel Painted Charcoal
Top : Nero marquina (MN)
Base : Always painted charcoal",Piero Lissoni,W1800 x D650 x H405,,,,,,,
4F,4F,KNOLL,CESCA,Product,,전시중,"Design : Marcel Breuer
Size :W460*D580*H800*SH460
Frame : Chrome 
Upholstery : Black Satin / Woven Cane 
이광호 작가 작품",Marcel Breuer,W460*D580*H800*SH460,,,,,https://www.knoll.com/shop/en_us/dining-dining-chairs/cesca-caned-side-chair/100577856.html?sku=100577856,,
4F,4F,KNOLL,WASSILY CHAIR,Chair,"₩5,557,000

현재가격
₩4,720,000",DP SALE,"Design : Marcel Breuer

Size : W790*D690*H420-730
Matt Frame/Belting Leather
Belting Leather  23 colors",Marcel Breuer,W790*D690*H420-730,,s,,,https://drive.google.com/drive/folders/1-vQI63MOCAUNP1fVUEKU6Pxl7e9UeOCX?usp=sharing,,
4F,4F,KNOLL,Laccio Low Table,Table,"Marble ₩2,800,000
(Arabescato, Statuarietto)

Laminate ₩2,910,000
(Chrome Base, Marble top)",전시중,"Design : Marcel Breuer

Size : W550*480*H450
Top : Laminate / Marble
Base : White Lminate frame",Marcel Breuer,W550*480*H450,,,,,https://www.knoll.com/product/laccio-side-table,https://drive.google.com/drive/folders/1L-S_ooawYnA-7zzzu7TlcfHA1j4MuncK?usp=sharing,
4F,4F,Knoll,MR Table,Table,"₩3,740,000

현재가격
₩3,280,000",DP SALE,"Design:  Ludwig Mies van der Rohe

Size : Ø725*H520
Top :  Black Glass
Frame : Polished chrome",Ludwig Mies van der Rohe,Ø725*H520,,,,,https://www.knoll.com/product/mr-table,https://drive.google.com/drive/folders/1clkhY0h0JbS7wfzaVLJKDDtq-Gv8HxQZ?usp=sharing,
4F,4F,KNOLL,"MR Lounge Chair 
with Arms",Chair,"₩8,080,000
가격표 이상함 확인필요",전시중,"Design :  Ludwig Mies van der Rohe

Size : W650 x D970 x H440-830
Leather cat. W Andes (AD6006) Altiplanos
Polished chrome",Ludwig Mies van der Rohe,W650 x D970 x H440-830,,,,,,https://drive.google.com/drive/folders/1PKKgEnv33LJ0UMs0jKHjr-jIfdOo8W9e?usp=sharing,
4F,4F,USM,Haller Storage,Storage,"₩1,706,000

*아웃판 2개 추가 ₩140,000
→ ₩1,846,000

(아웃판 1개 \70,000)

인상 가격 확인 필요",전시중,"1*2
Size : 350*350*H350+350",,350*350*H350+350,,,,,,,
4F,4F,Marset,Theia,Product,": ₩2,390,000

*재고 
화이트 1",전시중,Size : Ø32*H43.5 / black,,Ø32*H43.5 / black,,,,,https://www.marset.com/en/indoor-lighting/table-lamps/theia/,https://drive.google.com/drive/folders/16F4duIdVgLqO-ZLYwBz3U599r7UwUQQX?usp=sharing,
4F,4F,KNOLL,"Pollock 
Armchair
With cushion",Chair,"₩6,120,000

현재가격
₩5,360,000",DP SALE,"Design : Charles Pollock

Cowhide Leather Natural & Leather W Black Cushion
Material : Tubular steel polished chrome legs, Aluminium arms, black painted finish

Base : Polished chrome 
W640 x D660 x H410-705",Charles Pollock,,"Tubular steel polished chrome legs, Aluminium arms, black painted finish",,,,https://www.knoll.com/product/pollock-arm-chair,https://drive.google.com/drive/folders/1Ad0Wts5GtcQ8Nbu-XyvhjS5pfWHOo0rC?usp=sharing,
4F,4F,"Louis
Poulsen","Panthella 
Mini",Product,"₩934,000

Opal White


Orange",전시중,"Color : Opal white / Orange
Size : Ø250*H335
Material : Acrylic frame and shade
Base & Top : Plastic",,Ø250*H335,Acrylic frame and shade,Opal white / Orange,,,https://www.louispoulsen.com/en/catalog/private/table/panthella-mini-table?v=91684-5744612649-01&t=about&t=history&t=designer&t=spareparts,https://drive.google.com/drive/folders/10Gl5ZyyDnYQzMV47DC1QeAuvlkbKqWjK,
4F,4F,KNOLL,SAARINEN SIDE TABLE,Table,"Ø510*H520 
₩3,650,000

현재가격
₩3,200,000

510보다 작은 사이즈(알피)는
백화점에 있음",DP SALE,"Design : Eero Saarinen

Size : Ø510*H520
TOP Marble Ro  sso Rubino 유광
BASE White  Rilsan",Eero Saarinen,Ø510*H520,,,,,https://www.knoll-int.com/home/by-designer/classic-designers/eero-saarinen/saarinen-tulip-low-tables,,
4F,4F,Flos,"Arrangements 
Rose",Product,"BIG ROSE
(MAX 190W)
₩1,245,000

SMALL ROSE
(MAX 70W)
₩1,091,000",전시중,"Designe : Michael Anastassiades
Size : 180mm x 90mm Big rose
150mm x70mm Small rose",e : Michael Anastassiades,180mm x 90mm Big rose,,,,,,,
4F,4F,Flos,Arrangements Round Small,Product,"\1,301,000

M : Ø665
₩1,628,000
L : Ø1020 
₩2,107,000",DP SALE,"Designe : Michael Anastassiades

Size : Ø398 
Material : Aluminum",e : Michael Anastassiades,Ø398,Aluminum,,,,https://professional.flos.com/en/global/product/arrangements-round-small-f0406030/,,"4층 DP 
₩3,772,000"
4F,4F,Flos,Arrangements Line,Product,1226000,전시중,"Designe : Michael Anastassiades

Size : W1706
Material : Aluminum 
Color : Black",e : Michael Anastassiades,W1706,Aluminum,Black,,,https://professional.flos.com/en/global/product/arrangements-line-f0401030/,,
4F,4F,Flos,"Bonjour 
Unplugged",Product,"Copper
₩479,000
New 1

Whtie 
₩374,000
재고없음

갓 50,000원",전시중,"Design : Philippe Starck , 2015

Size : Ø103*H270
Base & top cover : ABS
PMMA clear diffuser
120 cm USB-C charger cable
4-step dimming
 LED 2700K

Color : White, Chrome, Copper, Matt chrome","Philippe Starck , 2015",Ø103*H270,,"White, Chrome, Copper, Matt chrome",,,,,
4F,4F,KNOLL,"SAARINEN
DINING TABLE 
OVAL",Table,"W1980*D1210*H730
₩19,590,000

W2440*D1370*H730
₩22,900,000 

W1830*D1210*H730
₩19,300,000 (MA)

현재가격
W1980*D1210*H730
₩17,120,000 

W2440*D1370*H730
₩20,000,000 

W1830*D1070*H730
₩17,120,000 (MA)",DP SALE,,,,,,,,https://www.knoll.com/product/saarinen-oval-dining-table-72,https://drive.google.com/drive/folders/1PawrkZiTFZN_jUbAvIGhNDY7f8-dR5RY?usp=sharing,
4F,4F,KNOLL,"TULIP 
ARM CHAIR",Chair,"(인상)Armchair Leather Y
₩5,410,000
Leather W
₩5,030,000 

Armchair 
cat. C Tonus ₩4,670,000
cat. S Divina ₩4,690,000

Arm Full Cover Fabric Only (Tonus) 
₩7,520,000

현재가격
Armchair Leather Y 
₩4,720,000
Leather W
₩4,400,000 

Armchair 
cat. C Tonus ₩4,080,000
cat. S Divina ₩4,160,000",DP SALE,"Design : Eero Saarinen

Size : W680*D590*H480-810
Cast Aluminium moulded fiberglass
Foam cushion / Swivel
Leather Y AU613",Eero Saarinen,W680*D590*H480-810,,,,,https://www.knoll.com/product/tulip-arm-chair,https://drive.google.com/drive/folders/17dxxxZdLUXLX7ruFmMyuhjrIn8qZcR25?usp=sharing,
4F,4F,KNOLL,"TULIP 
ARM CHAIR",Chair,"Armchair 
cat. C Tonus ₩4,670,000
cat. S Divina ₩4,690,000

(현)cat. C Tonus 
₩4,080,000",전시중,"Design : Eero Saarinen

Size : W680*D590*H480-810
Cast Aluminium moulded fiberglass
Foam cushion / Swivel
Cat. C Fabric Tonus",Eero Saarinen,W680*D590*H480-810,,,,,https://www.knoll.com/product/tulip-arm-chair,https://drive.google.com/drive/folders/17dxxxZdLUXLX7ruFmMyuhjrIn8qZcR25?usp=sharing,
4F,4F,KNOLL,"TULIP
ARMLESS CHAIR",Chair,"Cat C. ₩3,780,000
Cat S. ₩3,810,000

Tonus – Cat C.
Divina / Hallingdal – Cat.S
₩3,360,000
*Suerte (26SU) Powder 
 - 단종  DP재고 1

현재가격
Cat C. ₩3,360,000
Cat S. ₩3,810,000

Tonus – Cat C.
Divina / Hallingdal – Cat.S
₩3,360,000
*Suerte (26SU) Powder 
 - 단종  DP재고 1",DP SALE,"Design : Eero Saarinen

Size : W490*D530*H490-810
Cast Aluminium moulded fibreglass
Foam cushion / Swivel
 Seat Cat. S Fabric Divina 893",Eero Saarinen,W490*D530*H490-810,,,,,https://www.knoll.com/product/tulip-armless-chair,https://drive.google.com/drive/folders/17dxxxZdLUXLX7ruFmMyuhjrIn8qZcR25?usp=sharing,
4F,4F,KNOLL,"TULIP
ARMLESS CHAIR",Chair,3360000,전시중,"Design : Eero Saarinen

Size : W490*D530*H490-810
Cast Aluminium moulded fibreglass
Foam cushion / Swivel
 Seat Cat. C Fabric Tonus",Eero Saarinen,W490*D530*H490-810,,,,,https://www.knoll.com/product/tulip-armless-chair,https://drive.google.com/drive/folders/17dxxxZdLUXLX7ruFmMyuhjrIn8qZcR25?usp=sharing,
4F,4F,VITRA,Panton chair,Chair,"(인상) ₩620,000
(현) ₩590,000",전시중,"Design : Verner Panton
 
 Size : W500*D610*H415-830

 Shell : rigid polyurethane foam
 

 (Black/White/Red/Green)",Verner Panton,W500*D610*H415-830,,,,,https://www.vitra.com/en-gb/living/product/details/panton-chair-classic,https://drive.google.com/drive/folders/1zMpj5KsjlLq9rP6kq53EvasH8P4AZN5S?usp=sharing,
4F,4F,ARTEMIDE,ONFALE,Product,"인상
L ₩1,880,000
M ₩1,400,000
S ₩850,000
현
M ₩1,140,000
L ₩1,530,000　ＮＥＷ１
S ₩660,000",전시중,"Design : Luciano Vistosi

Size : Ø120-280 x H345
Material : Blown glass",Luciano Vistosi,Ø120-280 x H345,Blown glass,,,,,,
4F,4F,KNOLL,Bertoia Chair,Chair,"인상
₩2,620,000
""Chrome /Hallingdal 407H White-Yellow""

₩2,870,000
""Chrome /Velluto Pelle Black""",전시중,"Design : Harry Bertoia

W540*D580*H730*SH460
Side Chair (with Seat Pad)",Harry Bertoia,,,,,,,,
4F,4F,KNOLL,Albini Table,Table,"(인상) ₩7,130,000
Black stainde Oak

(현) ₩6,240,000",전시중,"Design : Franco Albini

W1220 x D670 x H700
Material : Clear glass(12mm), Black stainde Oak, Square steel tube Chrome",Franco Albini,,"Clear glass(12mm), Black stainde Oak, Square steel tube Chrome",,,,,,
4F,4F,KNOLL,Spoleto,Product,"(인상) 
₩2,590,000 
Cowhide L80 Black

₩2,590,000 
Cowhide L82 Light brown

(현) ₩2,320,000",전시중,"Design : Ufficio Tecnico

W580 x D590 x H460 - 790",Ufficio Tecnico,,,,,,,,단종
4F,4F,VIBIA,Mayfair Mini 5495,Product,"(인상) ₩740,000
Terra Dark

(현) ₩680,000",전시중,"Design : Diego Fortunato

20cm x 38",Diego Fortunato,,,,,,,,
